Date,Adj Close,Volume,Day_Perc_Change,Name
10/22/2018,26153.15039,2222812200,2.315014009,HANG SENG
10/23/2018,25346.55078,1772912000,-3.084139379,HANG SENG
10/24/2018,25249.7793,1962753500,-0.381793503,HANG SENG
10/25/2018,24994.46094,2288634200,-1.011170656,HANG SENG
10/26/2018,24717.63086,1688395600,-1.107565711,HANG SENG
10/29/2018,24812.03906,2000985900,0.381946816,HANG SENG
10/30/2018,24585.5293,2100387500,-0.912902666,HANG SENG
10/31/2018,24979.68945,2363084500,1.603220135,HANG SENG
11/1/2018,25416,2176972600,1.746661214,HANG SENG
11/2/2018,26486.34961,3518978800,4.211322037,HANG SENG
11/5/2018,25934.39063,1626675400,-2.083937546,HANG SENG
11/6/2018,26120.96094,1562913100,0.719393471,HANG SENG
11/7/2018,26147.68945,1731287400,0.102325925,HANG SENG
11/8/2018,26227.7207,1654626400,0.306073889,HANG SENG
11/9/2018,25601.91992,1839798600,-2.386028081,HANG SENG
11/12/2018,25633.17969,1171178800,0.122099304,HANG SENG
11/13/2018,25792.86914,1689989400,0.622979494,HANG SENG
11/14/2018,25654.42969,1431673200,-0.536735375,HANG SENG
11/15/2018,26103.33984,1534457400,1.749834869,HANG SENG
11/16/2018,26183.5293,1330024100,0.307199973,HANG SENG
11/19/2018,26372,1320040400,0.719806337,HANG SENG
11/20/2018,25840.33984,1205800000,-2.016002412,HANG SENG
11/21/2018,25971.4707,1397423500,0.50746569,HANG SENG
11/22/2018,26019.41016,1010983600,0.184585053,HANG SENG
11/23/2018,25927.67969,877061500,-0.352546301,HANG SENG
11/26/2018,26376.17969,1611982200,1.729811558,HANG SENG
11/27/2018,26331.96094,1394358800,-0.16764653,HANG SENG
11/28/2018,26682.56055,1415273800,1.331460311,HANG SENG
11/29/2018,26451.0293,1469593600,-0.867725006,HANG SENG
11/30/2018,26506.75,2000815900,0.210656086,HANG SENG
12/3/2018,27182.03906,2549703200,2.547611695,HANG SENG
12/4/2018,27260.43945,1880483300,0.288427185,HANG SENG
12/5/2018,26819.67969,1330919400,-1.616847615,HANG SENG
12/6/2018,26156.38086,2123180600,-2.473179534,HANG SENG
12/7/2018,26063.75977,2726993500,-0.354105155,HANG SENG
12/10/2018,25752.38086,1544284600,-1.194681465,HANG SENG
12/11/2018,25771.66992,1190934600,0.074902057,HANG SENG
12/12/2018,26186.71094,1429660600,1.610454492,HANG SENG
12/13/2018,26524.34961,1747235100,1.289351197,HANG SENG
12/14/2018,26094.78906,1344364100,-1.619495114,HANG SENG
12/17/2018,26087.98047,1036879300,-0.026091776,HANG SENG
12/18/2018,25814.25,1449449300,-1.049258946,HANG SENG
12/19/2018,25865.39063,1430181500,0.198110055,HANG SENG
12/20/2018,25623.5293,1717860300,-0.935077036,HANG SENG
12/21/2018,25753.41992,1935298900,0.506919338,HANG SENG
12/24/2018,25651.38086,1074120100,-0.396215583,HANG SENG
12/27/2018,25478.88086,1313061500,-0.672478417,HANG SENG
12/28/2018,25504.19922,1224894400,0.099369985,HANG SENG
12/31/2018,25845.69922,826507300,1.338995187,HANG SENG
1/2/2019,25130.34961,1666316400,-2.76777039,HANG SENG
1/3/2019,25064.35938,1481291700,-0.262591787,HANG SENG
1/4/2019,25626.0293,1708572100,2.240910743,HANG SENG
1/7/2019,25835.69922,1447090300,0.818191221,HANG SENG
1/8/2019,25875.44922,1578205700,0.153856877,HANG SENG
1/9/2019,26462.32031,2680892000,2.26806147,HANG SENG
1/10/2019,26521.42969,1939043900,0.223371852,HANG SENG
1/11/2019,26667.26953,1799353900,0.549894349,HANG SENG
1/14/2019,26298.33008,1426017400,-1.383491672,HANG SENG
1/15/2019,26830.28906,1822902000,2.022786175,HANG SENG
1/16/2019,26902.09961,1714886500,0.267647306,HANG SENG
1/17/2019,26755.63086,1860541000,-0.544450999,HANG SENG
1/18/2019,27090.81055,1692701900,1.252744477,HANG SENG
1/21/2019,27196.53906,1640014700,0.390274465,HANG SENG
1/22/2019,27005.44922,1578449700,-0.702625593,HANG SENG
1/23/2019,27008.19922,1381999400,0.01018313,HANG SENG
1/24/2019,27120.98047,1323732100,0.417581524,HANG SENG
1/25/2019,27569.18945,2264965800,1.652628247,HANG SENG
1/28/2019,27576.96094,1705146300,0.028189022,HANG SENG
1/29/2019,27531.67969,1821838000,-0.164199565,HANG SENG
1/30/2019,27642.84961,1821894600,0.403789098,HANG SENG
1/31/2019,27942.4707,2225282600,1.083900894,HANG SENG
2/1/2019,27930.74023,1669716900,-0.041980787,HANG SENG
2/4/2019,27990.21094,808061300,0.212922048,HANG SENG
2/8/2019,27946.32031,1527669600,-0.156807053,HANG SENG
2/11/2019,28143.83984,1384082500,0.70678189,HANG SENG
2/12/2019,28171.33008,1492521500,0.097677624,HANG SENG
2/13/2019,28497.58984,1930777700,1.158126951,HANG SENG
2/14/2019,28432.05078,1433724900,-0.229981073,HANG SENG
2/15/2019,27900.83984,1781495400,-1.868352519,HANG SENG
2/18/2019,28347.00977,1549943500,1.599127211,HANG SENG
2/19/2019,28228.13086,1653127000,-0.419370184,HANG SENG
2/20/2019,28514.05078,1928707100,1.012890026,HANG SENG
2/21/2019,28629.91992,1814520300,0.406358051,HANG SENG
2/22/2019,28816.30078,1706490600,0.651000281,HANG SENG
2/25/2019,28959.30078,3517972400,0.496246902,HANG SENG
2/26/2019,28772.06055,2758187900,-0.64656338,HANG SENG
2/27/2019,28757.43945,2378404200,-0.050816986,HANG SENG
2/28/2019,28633.17969,2086693500,-0.432096068,HANG SENG
3/1/2019,28812.16992,1927040400,0.625114765,HANG SENG
3/4/2019,28959.58984,2682948700,0.511658519,HANG SENG
3/5/2019,28961.59961,1951621500,0.006939895,HANG SENG
3/6/2019,29037.59961,1794494900,0.262416445,HANG SENG
3/7/2019,28779.44922,1691993300,-0.889021109,HANG SENG
3/8/2019,28228.41992,2998999600,-1.914662413,HANG SENG
3/11/2019,28503.30078,1525534800,0.973773452,HANG SENG
3/12/2019,28920.86914,0,1.464982471,HANG SENG
3/13/2019,28807.44922,1183090900,-0.392173283,HANG SENG
3/14/2019,28851.39063,1390223200,0.152534873,HANG SENG
3/15/2019,29012.25977,1974569100,0.557578465,HANG SENG
3/18/2019,29409.00977,1887811300,1.367525326,HANG SENG
3/19/2019,29466.2793,1747657200,0.194734646,HANG SENG
3/20/2019,29320.9707,1580528500,-0.493135195,HANG SENG
3/21/2019,29071.56055,1750672700,-0.850620392,HANG SENG
3/22/2019,29113.35938,1740699100,0.1437791,HANG SENG
3/25/2019,28523.34961,2091121900,-2.02659459,HANG SENG
3/26/2019,28566.91016,1406624800,0.152718904,HANG SENG
3/27/2019,28728.25,1475536600,0.564778771,HANG SENG
3/28/2019,28775.21094,1582079600,0.163466059,HANG SENG
3/29/2019,29051.35938,2695223000,0.959674762,HANG SENG
4/1/2019,29562.01953,2475412300,1.757784031,HANG SENG
4/2/2019,29624.66992,1858466500,0.211928657,HANG SENG
4/3/2019,29986.39063,2019434600,1.221011758,HANG SENG
4/4/2019,29936.32031,1854467500,-0.166976788,HANG SENG
4/8/2019,30077.15039,2321011600,0.470432159,HANG SENG
4/9/2019,30157.49023,2049354000,0.267112549,HANG SENG
4/10/2019,30119.56055,1814064400,-0.125772028,HANG SENG
4/11/2019,29839.44922,1897154200,-0.929998057,HANG SENG
4/12/2019,29909.75977,1560692000,0.235629507,HANG SENG
4/15/2019,29810.7207,2010638200,-0.33112624,HANG SENG
4/16/2019,30129.86914,2546181500,1.070582765,HANG SENG
4/17/2019,30124.67969,2035147300,-0.017223616,HANG SENG
4/18/2019,29963.25977,1569930600,-0.535839463,HANG SENG
4/23/2019,29963.24023,2006226400,-6.52E-05,HANG SENG
4/24/2019,29805.83008,1748986700,-0.525344238,HANG SENG
4/25/2019,29549.80078,1644483200,-0.858990662,HANG SENG
4/26/2019,29605.00977,1411001700,0.186833696,HANG SENG
4/29/2019,29892.81055,1250717200,0.972135403,HANG SENG
4/30/2019,29699.10938,1359023200,-0.647985815,HANG SENG
5/2/2019,29944.17969,1298906600,0.825177314,HANG SENG
5/3/2019,30081.55078,1217388500,0.458757242,HANG SENG
5/6/2019,29209.82031,2934065800,-2.897890718,HANG SENG
5/7/2019,29363.01953,1997665400,0.524478468,HANG SENG
5/8/2019,29003.19922,2182802000,-1.225419993,HANG SENG
5/9/2019,28311.07031,2907223700,-2.386388139,HANG SENG
5/10/2019,28550.24023,2421480000,0.844792932,HANG SENG
5/14/2019,28122.01953,2875261200,-1.499884763,HANG SENG
5/15/2019,28268.71094,2244890100,0.521624725,HANG SENG
5/16/2019,28275.07031,2372367500,0.022496162,HANG SENG
5/17/2019,27946.46094,1922181900,-1.162187649,HANG SENG
5/20/2019,27787.60938,2260468500,-0.56841388,HANG SENG
5/21/2019,27657.24023,2229189200,-0.469162853,HANG SENG
5/22/2019,27705.93945,1705803400,0.176081267,HANG SENG
5/23/2019,27267.13086,2219416000,-1.583806948,HANG SENG
5/24/2019,27353.92969,1677043500,0.318327694,HANG SENG
5/27/2019,27288.08984,1264256500,-0.240696107,HANG SENG
5/28/2019,27390.81055,3043711500,0.376430536,HANG SENG
5/29/2019,27235.71094,2236869000,-0.566246876,HANG SENG
5/30/2019,27114.88086,1884022200,-0.443645768,HANG SENG
5/31/2019,26901.08984,1829465900,-0.788463782,HANG SENG
6/3/2019,26893.85938,1716241600,-0.026877978,HANG SENG
6/4/2019,26761.51953,1527666000,-0.492082011,HANG SENG
6/5/2019,26895.43945,1894174900,0.500419723,HANG SENG
6/6/2019,26965.2793,1601926500,0.259671697,HANG SENG
6/10/2019,27578.64063,2272329600,2.274633692,HANG SENG
6/11/2019,27789.33984,1824700000,0.763994215,HANG SENG
6/12/2019,27308.46094,1866884200,-1.730443791,HANG SENG
6/13/2019,27294.71094,1846303100,-0.050350695,HANG SENG
6/14/2019,27118.34961,2031083500,-0.646137376,HANG SENG
6/17/2019,27227.16016,1487266700,0.401243249,HANG SENG
6/18/2019,27498.76953,1550614700,0.997567772,HANG SENG
6/19/2019,28202.14063,2076060300,2.557827517,HANG SENG
6/20/2019,28550.42969,1820185000,1.234973854,HANG SENG
6/21/2019,28473.71094,2171897300,-0.268713119,HANG SENG
6/24/2019,28513,1338833200,0.137983637,HANG SENG
6/25/2019,28185.98047,1851984100,-1.146913797,HANG SENG
6/26/2019,28221.98047,1431402200,0.127723072,HANG SENG
6/27/2019,28621.41992,1679897500,1.415348768,HANG SENG
6/28/2019,28542.61914,1486688000,-0.275321005,HANG SENG
7/2/2019,28875.56055,2110432700,1.166471109,HANG SENG
7/3/2019,28855.14063,1291301500,-0.070716972,HANG SENG
7/4/2019,28795.76953,928449700,-0.205755691,HANG SENG
7/5/2019,28774.83008,846919500,-0.072717116,HANG SENG
7/8/2019,28331.68945,1250874300,-1.540028642,HANG SENG
7/9/2019,28116.2793,1218475000,-0.760315252,HANG SENG
7/10/2019,28204.68945,1013012100,0.314444721,HANG SENG
7/11/2019,28431.80078,1067070900,0.805225416,HANG SENG
7/12/2019,28471.61914,1204492700,0.140048674,HANG SENG
7/15/2019,28554.88086,1317116400,0.292437594,HANG SENG
7/16/2019,28619.61914,1024681900,0.226715294,HANG SENG
7/17/2019,28593.16992,950441100,-0.092416391,HANG SENG
7/18/2019,28461.66016,925037300,-0.459934195,HANG SENG
7/19/2019,28765.40039,1261012300,1.067190857,HANG SENG
7/22/2019,28371.25977,1104886500,-1.370189949,HANG SENG
7/23/2019,28466.48047,950029300,0.33562381,HANG SENG
7/24/2019,28524.03906,1075821900,0.202197789,HANG SENG
7/25/2019,28594.30078,974264600,0.246324575,HANG SENG
7/26/2019,28397.74023,1320699900,-0.687411623,HANG SENG
7/29/2019,28106.41016,1563572300,-1.025891763,HANG SENG
7/30/2019,28146.5,1147561000,0.142635946,HANG SENG
7/31/2019,27777.75,1287084400,-1.310109605,HANG SENG
8/1/2019,27565.69922,1736444000,-0.763383575,HANG SENG
8/2/2019,26918.58008,2317609200,-2.347552064,HANG SENG
8/5/2019,26151.32031,2120745300,-2.850298057,HANG SENG
8/6/2019,25976.24023,2751867000,-0.669488488,HANG SENG
8/7/2019,25997.0293,1671335000,0.08003107,HANG SENG
8/8/2019,26120.76953,1658129900,0.475978361,HANG SENG
8/9/2019,25939.30078,1357616900,-0.694729724,HANG SENG
8/12/2019,25824.7207,1200393600,-0.44172385,HANG SENG
8/13/2019,25281.30078,1979089800,-2.104262533,HANG SENG
8/14/2019,25302.2793,1915522900,0.082980366,HANG SENG
8/15/2019,25495.46094,2145864600,0.763495015,HANG SENG
8/16/2019,25734.2207,2022477500,0.9364795,HANG SENG
8/19/2019,26291.83984,2144882700,2.166839041,HANG SENG
8/20/2019,26231.53906,1822936100,-0.229351698,HANG SENG
8/21/2019,26270.03906,1701479200,0.146769886,HANG SENG
8/22/2019,26048.7207,1780728400,-0.842474423,HANG SENG
8/23/2019,26179.33008,1621440900,0.501404182,HANG SENG
8/26/2019,25680.33008,2475604900,-1.906083916,HANG SENG
8/27/2019,25664.07031,2214167200,-0.063316028,HANG SENG
8/28/2019,25615.48047,1462114400,-0.189330233,HANG SENG
8/29/2019,25703.5,1784869100,0.343618505,HANG SENG
8/30/2019,25724.73047,2017892000,0.08259758,HANG SENG
9/2/2019,25626.55078,1295066700,-0.381654875,HANG SENG
9/3/2019,25527.84961,1149210200,-0.385151997,HANG SENG
9/4/2019,26523.23047,2688524600,3.899195879,HANG SENG
9/5/2019,26515.5293,1996619100,-0.029035573,HANG SENG
9/6/2019,26690.75977,1895344700,0.660859782,HANG SENG
9/9/2019,26681.40039,1700948300,-0.035065974,HANG SENG
9/10/2019,26683.67969,1738020300,0.008542644,HANG SENG
9/11/2019,27159.06055,2072246200,1.781541619,HANG SENG
9/12/2019,27087.63086,1337046900,-0.263005003,HANG SENG
9/13/2019,27352.68945,1176496300,0.978522616,HANG SENG
9/16/2019,27124.55078,2189101500,-0.834063036,HANG SENG
9/17/2019,26790.24023,1850715100,-1.232501691,HANG SENG
9/18/2019,26754.11914,1372644100,-0.134829299,HANG SENG
9/19/2019,26468.94922,1330417000,-1.06589165,HANG SENG
9/20/2019,26435.66992,1972985800,-0.125729574,HANG SENG
9/23/2019,26222.40039,1285452900,-0.806749107,HANG SENG
9/24/2019,26281,2089366000,0.223471567,HANG SENG
9/25/2019,25945.34961,1762622300,-1.277159891,HANG SENG
9/26/2019,26041.92969,1700238600,0.372244277,HANG SENG
9/27/2019,25954.81055,984279500,-0.334534123,HANG SENG
9/30/2019,26092.26953,1343934800,0.52960889,HANG SENG
10/2/2019,26042.68945,1202153800,-0.190018266,HANG SENG
10/3/2019,26110.31055,1142351000,0.259654803,HANG SENG
10/4/2019,25821.0293,1137243700,-1.107919607,HANG SENG
10/8/2019,25893.40039,1779110400,0.280279663,HANG SENG
10/9/2019,25682.81055,1588334500,-0.813295438,HANG SENG
10/10/2019,25707.92969,1434231600,0.097805265,HANG SENG
10/11/2019,26308.43945,2030977900,2.335893136,HANG SENG
10/14/2019,26521.84961,2096251800,0.811185157,HANG SENG
10/15/2019,26503.92969,1569211500,-0.067566634,HANG SENG
10/16/2019,26664.2793,1689389100,0.605003148,HANG SENG
10/17/2019,26848.49023,1403839300,0.690852863,HANG SENG
10/18/2019,26719.58008,1541856100,-0.480139311,HANG SENG
10/21/2019,26725.67969,1045151500,0.02282824,HANG SENG
10/22/2019,26786.19922,1496851400,0.226447116,HANG SENG
10/23/2019,26566.73047,1270778600,-0.819335167,HANG SENG
10/24/2019,26797.94922,1496729000,0.870331975,HANG SENG
10/25/2019,26667.39063,1151226200,-0.487196214,HANG SENG
10/28/2019,26891.25977,1476176200,0.839486488,HANG SENG
10/29/2019,26786.75977,1515348700,-0.388602099,HANG SENG
10/30/2019,26667.71094,1554112000,-0.444431611,HANG SENG
10/31/2019,26906.7207,1907594000,0.896251521,HANG SENG
11/1/2019,27100.75977,1421451500,0.721154633,HANG SENG
11/4/2019,27547.30078,1777502800,1.647706628,HANG SENG
11/5/2019,27683.40039,1748633300,0.494057879,HANG SENG
11/6/2019,27688.64063,1316670900,0.018929156,HANG SENG
11/7/2019,27847.23047,1353594600,0.572761394,HANG SENG
11/8/2019,27651.14063,1491797400,-0.704162822,HANG SENG
11/11/2019,26926.55078,1921659900,-2.620469997,HANG SENG
11/12/2019,27065.2793,1149626200,0.515210868,HANG SENG
11/13/2019,26571.46094,1855002900,-1.824545587,HANG SENG
11/14/2019,26323.68945,1554697800,-0.932472195,HANG SENG
11/15/2019,26326.66016,1180282700,0.011285284,HANG SENG
11/18/2019,26681.08984,1425323100,1.346276686,HANG SENG
11/19/2019,27093.80078,1542578800,1.546829381,HANG SENG
11/20/2019,26889.60938,1333243700,-0.753646222,HANG SENG
11/21/2019,26466.88086,1712162300,-1.572088721,HANG SENG
11/22/2019,26595.08008,1100431900,0.484376001,HANG SENG
11/25/2019,26993.03906,1497175900,1.496363176,HANG SENG
11/26/2019,26913.91992,2416392100,-0.293109423,HANG SENG
11/27/2019,26954,1133748200,0.148919511,HANG SENG
11/28/2019,26893.73047,998841900,-0.223601436,HANG SENG
11/29/2019,26346.49023,2004856800,-2.034824569,HANG SENG
12/2/2019,26444.7207,1348911800,0.372840815,HANG SENG
12/3/2019,26391.30078,1795451800,-0.202005998,HANG SENG
12/4/2019,26062.56055,1502327900,-1.245638617,HANG SENG
12/5/2019,26217.03906,1228026600,0.592721946,HANG SENG
12/6/2019,26498.36914,1644211100,1.07308105,HANG SENG
12/9/2019,26494.73047,1301819900,-0.013731683,HANG SENG
12/10/2019,26436.61914,956293300,-0.219331644,HANG SENG
12/11/2019,26645.42969,1409589200,0.789853445,HANG SENG
12/12/2019,26994.14063,1451721900,1.308708252,HANG SENG
12/13/2019,27687.75977,2212195500,2.569517402,HANG SENG
12/16/2019,27508.08984,1421412600,-0.648914623,HANG SENG
12/17/2019,27843.71094,1926224500,1.220081423,HANG SENG
12/18/2019,27884.21094,0,0.14545475,HANG SENG
12/19/2019,27800.49023,1296810200,-0.300244121,HANG SENG
12/20/2019,27871.34961,1680024400,0.254885343,HANG SENG
12/23/2019,27906.41016,1216834000,0.125794221,HANG SENG
12/24/2019,27864.21094,483984100,-0.151216935,HANG SENG
12/27/2019,28225.41992,1375016100,1.296318725,HANG SENG
12/30/2019,28319.39063,1420447400,0.332929336,HANG SENG
12/31/2019,28189.75,873713900,-0.457780419,HANG SENG
1/2/2020,28543.51953,1262732800,1.254958029,HANG SENG
1/3/2020,28451.5,1797904800,-0.322383268,HANG SENG
1/6/2020,28226.18945,1793426600,-0.791910961,HANG SENG
1/7/2020,28322.06055,1302687200,0.339652981,HANG SENG
1/8/2020,28087.91992,1709241600,-0.826707593,HANG SENG
1/9/2020,28561,1692786200,1.684283063,HANG SENG
1/10/2020,28638.19922,1448401000,0.270295925,HANG SENG
1/13/2020,28954.93945,1765055700,1.106006113,HANG SENG
1/14/2020,28885.14063,1643504700,-0.241060176,HANG SENG
1/15/2020,28773.58984,1240120700,-0.386187426,HANG SENG
1/16/2020,28883.03906,1620926200,0.380380827,HANG SENG
1/17/2020,29056.41992,1545082800,0.600286066,HANG SENG
1/20/2020,28795.91016,1633383900,-0.896565257,HANG SENG
1/21/2020,27985.33008,2236521700,-2.814913901,HANG SENG
1/22/2020,28341.03906,1343288100,1.271055171,HANG SENG
1/23/2020,27909.11914,1753263000,-1.524008774,HANG SENG
1/24/2020,27949.64063,612128700,0.145190838,HANG SENG
1/29/2020,27160.63086,2203836100,-2.82296927,HANG SENG
1/30/2020,26449.13086,2223567800,-2.61960042,HANG SENG
1/31/2020,26312.63086,1874255200,-0.516085011,HANG SENG
2/3/2020,26356.98047,2421482700,0.168548748,HANG SENG
2/4/2020,26675.98047,2500238100,1.21030556,HANG SENG
2/5/2020,26786.74023,2498930800,0.415204101,HANG SENG
2/6/2020,27493.69922,2249533900,2.639212457,HANG SENG
2/7/2020,27404.26953,1464514700,-0.325273392,HANG SENG
2/10/2020,27241.33984,1612017900,-0.594541251,HANG SENG
2/11/2020,27583.88086,1868625400,1.257430864,HANG SENG
2/12/2020,27823.66016,1796561200,0.869273248,HANG SENG
2/13/2020,27730,1617010200,-0.336620543,HANG SENG
2/14/2020,27815.59961,1445335900,0.308689538,HANG SENG
2/17/2020,27959.59961,1412999200,0.517695114,HANG SENG
2/18/2020,27530.19922,1592221400,-1.535788767,HANG SENG
2/19/2020,27655.81055,1471538100,0.456267414,HANG SENG
2/20/2020,27609.16016,1582073100,-0.16868206,HANG SENG
2/21/2020,27308.81055,1773613400,-1.087862171,HANG SENG
2/24/2020,26820.88086,2044657000,-1.786711608,HANG SENG
2/25/2020,26893.23047,1924042900,0.269751058,HANG SENG
2/26/2020,26696.49023,0,-0.731560439,HANG SENG
2/27/2020,26778.61914,2110369700,0.307639342,HANG SENG
2/28/2020,26129.92969,3191426200,-2.42241562,HANG SENG
3/2/2020,26291.67969,2201535600,0.619021949,HANG SENG
3/3/2020,26284.82031,2136295000,-0.026089527,HANG SENG
3/4/2020,26222.07031,1957062400,-0.238730945,HANG SENG
3/5/2020,26767.86914,2522843200,2.081448267,HANG SENG
3/6/2020,26146.66992,2646519300,-2.320689838,HANG SENG
3/9/2020,25040.46094,4677892400,-4.230783451,HANG SENG
3/10/2020,25392.50977,3225661100,1.405919918,HANG SENG
3/11/2020,25231.60938,2627625600,-0.633652965,HANG SENG
3/12/2020,24309.07031,3748928400,-3.656283071,HANG SENG
3/13/2020,24032.91016,5495155700,-1.13603751,HANG SENG
3/16/2020,23063.57031,4067029300,-4.033385207,HANG SENG
3/17/2020,23263.73047,3637973700,0.867862839,HANG SENG
3/18/2020,22291.82031,4217153600,-4.177791508,HANG SENG
3/19/2020,21709.13086,5628397600,-2.613915983,HANG SENG
3/20/2020,22805.07031,4528187900,5.048288027,HANG SENG
3/23/2020,21696.13086,0,-4.86268816,HANG SENG
3/24/2020,22663.49023,3614066700,4.458672292,HANG SENG
3/25/2020,23527.18945,3605374900,3.810971788,HANG SENG
3/26/2020,23352.33984,2519508100,-0.74318103,HANG SENG
3/27/2020,23484.2793,2199674300,0.564994574,HANG SENG
3/30/2020,23175.10938,2553435900,-1.316497381,HANG SENG
3/31/2020,23603.48047,2876326600,1.848410236,HANG SENG
4/1/2020,23085.78906,2879977600,-2.193284192,HANG SENG
4/2/2020,23280.06055,2560937400,0.841519792,HANG SENG
4/3/2020,23236.10938,1870630600,-0.188793203,HANG SENG
4/6/2020,23749.11914,1834036600,2.207812667,HANG SENG
4/7/2020,24253.28906,2535034600,2.12289946,HANG SENG
4/8/2020,23970.36914,1840854100,-1.166521874,HANG SENG
4/9/2020,24300.33008,1725334600,1.376536736,HANG SENG
4/14/2020,24435.40039,2050447800,0.555837359,HANG SENG
4/15/2020,24145.33984,1906625200,-1.187050518,HANG SENG
4/16/2020,24006.44922,1865473400,-0.57522746,HANG SENG
4/17/2020,24380,1937579000,1.556043451,HANG SENG
4/20/2020,24330.01953,1375091600,-0.205006025,HANG SENG
4/21/2020,23793.55078,2160661700,-2.204966376,HANG SENG
4/22/2020,23893.35938,1668362400,0.419477509,HANG SENG
4/23/2020,23977.32031,1814344800,0.351398632,HANG SENG
4/24/2020,23831.33008,1301664900,-0.608868018,HANG SENG
4/27/2020,24280.14063,1592713000,1.883279471,HANG SENG
4/28/2020,24575.96094,1687557300,1.218363261,HANG SENG
4/29/2020,24643.58984,1648009000,0.27518316,HANG SENG
5/4/2020,23613.80078,2556774000,-4.178729923,HANG SENG
5/5/2020,23868.66016,1332967300,1.079281465,HANG SENG
5/6/2020,24137.48047,0,1.126248022,HANG SENG
5/7/2020,23980.63086,1317060000,-0.649817657,HANG SENG
5/8/2020,24230.16992,1274113200,1.040585898,HANG SENG
5/11/2020,24602.06055,1458200000,1.534824668,HANG SENG
5/12/2020,24245.67969,1479628600,-1.448581343,HANG SENG
5/13/2020,24180.30078,1359038500,-0.269651781,HANG SENG
5/14/2020,23829.74023,1697720800,-1.449777446,HANG SENG
5/15/2020,23797.4707,1509478600,-0.135417049,HANG SENG
5/18/2020,23934.76953,1645114700,0.576947146,HANG SENG
5/19/2020,24388.13086,2022987500,1.894153722,HANG SENG
5/20/2020,24399.94922,1432021300,0.048459474,HANG SENG
5/21/2020,24280.0293,1474345000,-0.491476113,HANG SENG
5/22/2020,22930.14063,3680989100,-5.55966657,HANG SENG
5/25/2020,22952.24023,1769029000,0.096377992,HANG SENG
5/26/2020,23384.66016,1421148200,1.883998763,HANG SENG
5/27/2020,23301.35938,1837146100,-0.356219763,HANG SENG
5/28/2020,23132.75977,2356792600,-0.723561258,HANG SENG
5/29/2020,22961.4707,3621412000,-0.740460994,HANG SENG
6/1/2020,23732.51953,2569148800,3.358011505,HANG SENG
6/2/2020,23995.93945,1813293900,1.109953461,HANG SENG
6/3/2020,24325.61914,2455118300,1.373897816,HANG SENG
6/4/2020,24366.30078,1888873500,0.16723784,HANG SENG
6/5/2020,24770.41016,2397618300,1.658476511,HANG SENG
6/8/2020,24776.76953,2123439500,0.025673273,HANG SENG
6/9/2020,25057.2207,2203396500,1.131911776,HANG SENG
6/10/2020,25049.73047,1971349200,-0.029892517,HANG SENG
6/11/2020,24480.15039,1838958200,-2.273797232,HANG SENG
6/12/2020,24301.38086,1824519600,-0.73026321,HANG SENG
6/15/2020,23776.94922,2104538300,-2.158032266,HANG SENG
6/16/2020,24344.08984,1611589900,2.385253969,HANG SENG
6/17/2020,24481.41016,1278279300,0.564080698,HANG SENG
6/18/2020,24464.93945,1811327100,-0.067278408,HANG SENG
6/19/2020,24643.89063,2390285700,0.731459697,HANG SENG
6/22/2020,24511.33984,1612294200,-0.53786467,HANG SENG
6/23/2020,24907.33984,1549053700,1.615578759,HANG SENG
6/24/2020,24781.58008,1431913700,-0.504910467,HANG SENG
6/26/2020,24549.99023,1509260100,-0.934524123,HANG SENG
6/29/2020,24301.2793,1835855400,-1.013079576,HANG SENG
6/30/2020,24427.18945,1892323300,0.518121513,HANG SENG
7/2/2020,25124.18945,2746546400,2.853377796,HANG SENG
7/3/2020,25373.11914,2320568900,0.990796891,HANG SENG
7/6/2020,26339.16016,4883381900,3.807340397,HANG SENG
7/7/2020,25975.66016,3913840700,-1.380074375,HANG SENG
7/8/2020,26129.17969,2582679500,0.591013014,HANG SENG
7/9/2020,26210.16016,2452681700,0.309923499,HANG SENG
7/10/2020,25727.41016,2142150800,-1.841843,HANG SENG
7/13/2020,25772.11914,2127288800,0.173779579,HANG SENG
7/14/2020,25477.89063,2180279200,-1.141654337,HANG SENG
7/15/2020,25481.58008,1849317300,0.014480999,HANG SENG
7/16/2020,24970.68945,1935051700,-2.004940916,HANG SENG
7/17/2020,25089.16992,1362500400,0.474478165,HANG SENG
7/20/2020,25057.99023,1650620500,-0.124275487,HANG SENG
7/21/2020,25635.66016,1752171900,2.305332218,HANG SENG
7/22/2020,25057.93945,2390051200,-2.253582313,HANG SENG
7/23/2020,25263,0,0.818345608,HANG SENG
7/24/2020,24705.33008,3029706400,-2.207457238,HANG SENG
7/27/2020,24603.25977,1491211000,-0.413150975,HANG SENG
7/28/2020,24772.75977,1358418200,0.688933099,HANG SENG
7/29/2020,24883.14063,1080335100,0.445573525,HANG SENG
7/30/2020,24710.58984,1779681900,-0.693444544,HANG SENG
7/31/2020,24595.34961,1763233900,-0.466359709,HANG SENG
8/3/2020,24458.13086,2012723100,-0.557905263,HANG SENG
8/4/2020,24946.63086,1906615900,1.99729081,HANG SENG
8/5/2020,25102.53906,1477936300,0.624966974,HANG SENG
8/6/2020,24930.58008,1596206100,-0.685026262,HANG SENG
8/7/2020,24531.61914,1610164700,-1.600287421,HANG SENG
8/10/2020,24377.42969,1256444100,-0.628533535,HANG SENG
8/11/2020,24890.67969,1628363900,2.105431157,HANG SENG
8/12/2020,25244.01953,1763950100,1.419566872,HANG SENG
8/13/2020,25230.66992,1761196500,-0.052882264,HANG SENG
8/14/2020,25183.00977,1429766800,-0.188897703,HANG SENG
8/17/2020,25347.33984,1955689100,0.652543439,HANG SENG
8/18/2020,25367.38086,1534776000,0.079065555,HANG SENG
8/19/2020,25178.91016,1132238600,-0.742964771,HANG SENG
8/20/2020,24791.39063,1995701500,-1.539063957,HANG SENG
8/21/2020,25113.83984,1210267900,1.300649987,HANG SENG
8/24/2020,25551.58008,1352263800,1.743023913,HANG SENG
8/25/2020,25486.2207,1350837400,-0.255793868,HANG SENG
8/26/2020,25491.78906,1319876200,0.021848512,HANG SENG
8/27/2020,25281.15039,1701268300,-0.826300074,HANG SENG
8/28/2020,25422.06055,2065272600,0.557372405,HANG SENG
8/31/2020,25177.05078,3195378200,-0.963768321,HANG SENG
9/1/2020,25184.84961,1729452000,0.030975939,HANG SENG
9/2/2020,25120.08984,2349955800,-0.257137787,HANG SENG
9/3/2020,25007.59961,2007341100,-0.447809843,HANG SENG
9/4/2020,24695.44922,3393745100,-1.24822212,HANG SENG
9/7/2020,24589.65039,1682872900,-0.428414268,HANG SENG
9/8/2020,24624.33984,2074591000,0.141073388,HANG SENG
9/9/2020,24468.92969,1749348400,-0.631124152,HANG SENG
9/10/2020,24313.53906,1349478000,-0.635052808,HANG SENG
9/11/2020,24503.31055,1306598900,0.780517733,HANG SENG
9/14/2020,24640.2793,1091380700,0.558980591,HANG SENG
9/15/2020,24732.75977,1733769600,0.375322324,HANG SENG
9/16/2020,24725.63086,1303202100,-0.028823743,HANG SENG
9/17/2020,24340.84961,1630900300,-1.556203974,HANG SENG
9/18/2020,24455.41016,2301812900,0.47065139,HANG SENG
9/21/2020,23950.68945,1602081500,-2.063840679,HANG SENG
9/22/2020,23716.84961,1553227700,-0.976338675,HANG SENG
9/23/2020,23742.50977,1642933400,0.108193784,HANG SENG
9/24/2020,23311.07031,1913657500,-1.817160263,HANG SENG
9/25/2020,23235.41992,1794075400,-0.324525601,HANG SENG
9/28/2020,23476.05078,1446839400,1.035620875,HANG SENG
9/29/2020,23275.5293,1526746600,-0.854153392,HANG SENG
9/30/2020,23459.05078,1453016000,0.788473945,HANG SENG
10/5/2020,23767.7793,1420427500,1.316031577,HANG SENG
10/6/2020,23980.65039,1325452200,0.895628874,HANG SENG
10/7/2020,24242.85938,1537076100,1.093418985,HANG SENG
10/8/2020,24193.34961,1182030300,-0.204224119,HANG SENG
10/9/2020,24119.13086,1358969500,-0.306773354,HANG SENG
10/12/2020,24649.67969,2430403500,2.199701275,HANG SENG
10/14/2020,24667.08984,2550042800,0.070630354,HANG SENG
10/15/2020,24158.53906,2134202800,-2.061656986,HANG SENG
10/16/2020,24386.78906,2697525100,0.944800509,HANG SENG
10/22/2018,7468.629883,2282400000,0.26312283,NASDAQ
10/23/2018,7437.540039,2735820000,-0.416272388,NASDAQ
10/24/2018,7108.399902,2935550000,-4.425389783,NASDAQ
10/25/2018,7318.339844,2741810000,2.953406461,NASDAQ
10/26/2018,7167.209961,2964780000,-2.065084243,NASDAQ
10/29/2018,7050.290039,2689550000,-1.631317104,NASDAQ
10/30/2018,7161.649902,2681310000,1.579507543,NASDAQ
10/31/2018,7305.899902,2899730000,2.014200666,NASDAQ
11/1/2018,7434.060059,2708880000,1.754200834,NASDAQ
11/2/2018,7356.990234,2889910000,-1.036712434,NASDAQ
11/5/2018,7328.850098,2166470000,-0.38249522,NASDAQ
11/6/2018,7375.959961,2285680000,0.642800199,NASDAQ
11/7/2018,7570.75,2677530000,2.64087712,NASDAQ
11/8/2018,7530.879883,2462430000,-0.526633649,NASDAQ
11/9/2018,7406.899902,2418490000,-1.646288122,NASDAQ
11/12/2018,7200.870117,2289070000,-2.781592673,NASDAQ
11/13/2018,7200.870117,2343940000,0,NASDAQ
11/14/2018,7136.390137,2540220000,-0.895447063,NASDAQ
11/15/2018,7259.029785,2508720000,1.718510979,NASDAQ
11/16/2018,7247.870117,2438260000,-0.15373498,NASDAQ
11/19/2018,7028.47998,2354020000,-3.026960106,NASDAQ
11/20/2018,6908.819824,2664950000,-1.702504046,NASDAQ
11/21/2018,6972.25,1858050000,0.91810436,NASDAQ
11/23/2018,6938.97998,958950000,-0.477177669,NASDAQ
11/26/2018,7081.850098,2011180000,2.058949852,NASDAQ
11/27/2018,7082.700195,2067360000,0.012003883,NASDAQ
11/28/2018,7291.589844,2390260000,2.949293959,NASDAQ
11/29/2018,7273.080078,1983460000,-0.253850894,NASDAQ
11/30/2018,7330.540039,2542820000,0.790036139,NASDAQ
12/3/2018,7441.509766,2621020000,1.513800162,NASDAQ
12/4/2018,7158.430176,2635810000,-3.804061258,NASDAQ
12/6/2018,7188.259766,2833870000,0.416705748,NASDAQ
12/7/2018,6969.25,2475160000,-3.046770333,NASDAQ
12/10/2018,7020.52002,2367560000,0.735660509,NASDAQ
12/11/2018,7031.830078,2246060000,0.161100004,NASDAQ
12/12/2018,7098.310059,2412300000,0.945415066,NASDAQ
12/13/2018,7070.330078,2143520000,-0.394178062,NASDAQ
12/14/2018,6910.660156,2200510000,-2.258309304,NASDAQ
12/17/2018,6753.72998,2665240000,-2.270842039,NASDAQ
12/18/2018,6783.910156,2595400000,0.446866785,NASDAQ
12/19/2018,6636.830078,2899950000,-2.168072315,NASDAQ
12/20/2018,6528.410156,3258090000,-1.633610033,NASDAQ
12/21/2018,6332.990234,4534120000,-2.993376907,NASDAQ
12/24/2018,6192.919922,1647270000,-2.211756324,NASDAQ
12/26/2018,6554.359863,2558940000,5.836341266,NASDAQ
12/27/2018,6579.490234,2415870000,0.383414575,NASDAQ
12/28/2018,6584.52002,2199090000,0.076446439,NASDAQ
12/31/2018,6635.279785,2098560000,0.770895446,NASDAQ
1/2/2019,6665.939941,2261800000,0.462077817,NASDAQ
1/3/2019,6463.5,2607290000,-3.036930167,NASDAQ
1/4/2019,6738.859863,2579550000,4.260228406,NASDAQ
1/7/2019,6823.470215,2507550000,1.255558859,NASDAQ
1/8/2019,6897,2380290000,1.077601025,NASDAQ
1/9/2019,6957.080078,2422590000,0.871104509,NASDAQ
1/10/2019,6986.069824,2179080000,0.416694154,NASDAQ
1/11/2019,6971.47998,2066500000,-0.208841944,NASDAQ
1/14/2019,6905.919922,1942210000,-0.940403733,NASDAQ
1/15/2019,7023.830078,2038090000,1.707377979,NASDAQ
1/16/2019,7034.689941,2149580000,0.154614546,NASDAQ
1/17/2019,7084.459961,2128840000,0.707494153,NASDAQ
1/18/2019,7157.22998,2451240000,1.027178069,NASDAQ
1/22/2019,7020.359863,2380950000,-1.912333646,NASDAQ
1/23/2019,7025.77002,2274420000,0.077063813,NASDAQ
1/24/2019,7073.459961,2400290000,0.678785967,NASDAQ
1/25/2019,7164.859863,2440840000,1.292152674,NASDAQ
1/28/2019,7085.680176,2435480000,-1.105111454,NASDAQ
1/29/2019,7028.290039,2089690000,-0.809945349,NASDAQ
1/30/2019,7183.080078,2544050000,2.202385476,NASDAQ
1/31/2019,7281.740234,2918710000,1.373507673,NASDAQ
2/1/2019,7263.870117,2383430000,-0.245409977,NASDAQ
2/4/2019,7347.540039,2099470000,1.151864236,NASDAQ
2/5/2019,7402.080078,2265520000,0.742289783,NASDAQ
2/6/2019,7375.279785,2167130000,-0.362064348,NASDAQ
2/7/2019,7288.350098,2295080000,-1.178662905,NASDAQ
2/8/2019,7298.200195,2086260000,0.135148516,NASDAQ
2/11/2019,7307.899902,1897800000,0.132905466,NASDAQ
2/12/2019,7414.620117,2124330000,1.460340405,NASDAQ
2/13/2019,7420.379883,2093800000,0.077681202,NASDAQ
2/14/2019,7426.950195,2103370000,0.088544146,NASDAQ
2/15/2019,7472.410156,2257750000,0.612094599,NASDAQ
2/19/2019,7486.77002,2120790000,0.192171785,NASDAQ
2/20/2019,7489.069824,2181760000,0.03071824,NASDAQ
2/21/2019,7459.709961,2119080000,-0.392036177,NASDAQ
2/22/2019,7527.540039,2417680000,0.909285728,NASDAQ
2/25/2019,7554.459961,2363140000,0.357619114,NASDAQ
2/26/2019,7549.299805,2257710000,-0.068306087,NASDAQ
2/27/2019,7554.509766,2423360000,0.069012506,NASDAQ
2/28/2019,7532.529785,2647080000,-0.290951785,NASDAQ
3/1/2019,7595.350098,2463190000,0.833986918,NASDAQ
3/4/2019,7577.569824,2569590000,-0.234094199,NASDAQ
3/5/2019,7576.359863,2142610000,-0.015967665,NASDAQ
3/6/2019,7505.919922,2242810000,-0.929733306,NASDAQ
3/7/2019,7421.459961,2440840000,-1.125244632,NASDAQ
3/8/2019,7408.140137,2245430000,-0.179477139,NASDAQ
3/11/2019,7558.060059,2226950000,2.023718764,NASDAQ
3/12/2019,7591.029785,2161400000,0.436219423,NASDAQ
3/13/2019,7643.410156,2366350000,0.690029844,NASDAQ
3/14/2019,7630.910156,2176510000,-0.163539569,NASDAQ
3/15/2019,7688.529785,3447190000,0.755082,NASDAQ
3/18/2019,7714.47998,2274490000,0.3375183,NASDAQ
3/19/2019,7723.950195,2433160000,0.122758955,NASDAQ
3/20/2019,7728.970215,2424400000,0.06499291,NASDAQ
3/21/2019,7838.959961,2483580000,1.423084097,NASDAQ
3/22/2019,7642.669922,2490730000,-2.504031657,NASDAQ
3/25/2019,7637.540039,2130230000,-0.067121609,NASDAQ
3/26/2019,7691.52002,2068900000,0.706771823,NASDAQ
3/27/2019,7643.379883,2221650000,-0.62588587,NASDAQ
3/28/2019,7669.169922,1902060000,0.337416685,NASDAQ
3/29/2019,7729.319824,2233470000,0.784307854,NASDAQ
4/1/2019,7828.910156,2198050000,1.288474721,NASDAQ
4/2/2019,7848.689941,2110100000,0.252650556,NASDAQ
4/3/2019,7895.549805,2487210000,0.597040581,NASDAQ
4/4/2019,7891.779785,2094200000,-0.04774867,NASDAQ
4/5/2019,7938.689941,2148730000,0.594417955,NASDAQ
4/8/2019,7953.879883,2069190000,0.191340663,NASDAQ
4/9/2019,7909.279785,2067570000,-0.560733864,NASDAQ
4/10/2019,7964.240234,1998280000,0.694885634,NASDAQ
4/11/2019,7947.359863,1956840000,-0.211952057,NASDAQ
4/12/2019,7984.160156,1955290000,0.463050543,NASDAQ
4/15/2019,7976.009766,1816920000,-0.102081995,NASDAQ
4/16/2019,8000.22998,2095330000,0.303663294,NASDAQ
4/17/2019,7996.080078,2290690000,-0.051872284,NASDAQ
4/18/2019,7998.060059,2089360000,0.024761896,NASDAQ
4/22/2019,8015.27002,1776060000,0.215176691,NASDAQ
4/23/2019,8120.819824,2075070000,1.316858992,NASDAQ
4/24/2019,8102.009766,2022490000,-0.231627575,NASDAQ
4/25/2019,8118.680176,2063270000,0.205756479,NASDAQ
4/26/2019,8146.399902,1971270000,0.341431432,NASDAQ
4/29/2019,8161.850098,1761110000,0.189656734,NASDAQ
4/30/2019,8095.390137,2115770000,-0.814275688,NASDAQ
5/1/2019,8049.640137,2247420000,-0.565136445,NASDAQ
5/2/2019,8036.77002,2158600000,-0.159884377,NASDAQ
5/3/2019,8164,2046040000,1.58309843,NASDAQ
5/6/2019,8123.290039,1966120000,-0.498652144,NASDAQ
5/7/2019,7963.759766,2376660000,-1.963862822,NASDAQ
5/8/2019,7943.319824,2175100000,-0.256661961,NASDAQ
5/9/2019,7910.589844,2520770000,-0.412044091,NASDAQ
5/10/2019,7916.939941,2387720000,0.080273369,NASDAQ
5/13/2019,7647.02002,2478860000,-3.409397103,NASDAQ
5/14/2019,7734.490234,2084850000,1.143847064,NASDAQ
5/15/2019,7822.149902,2001530000,1.13336064,NASDAQ
5/16/2019,7898.049805,2163120000,0.970320231,NASDAQ
5/17/2019,7816.279785,2134120000,-1.035319123,NASDAQ
5/20/2019,7702.379883,2122410000,-1.457213727,NASDAQ
5/21/2019,7785.720215,1993210000,1.082007552,NASDAQ
5/22/2019,7750.839844,1881830000,-0.448004424,NASDAQ
5/23/2019,7628.279785,2243420000,-1.581248761,NASDAQ
5/24/2019,7637.009766,1682920000,0.114442328,NASDAQ
5/28/2019,7607.350098,2352670000,-0.388367554,NASDAQ
5/29/2019,7547.310059,2278790000,-0.789237228,NASDAQ
5/30/2019,7567.720215,1872000000,0.270429542,NASDAQ
5/31/2019,7453.149902,2236940000,-1.513934312,NASDAQ
6/3/2019,7333.02002,2576920000,-1.611800159,NASDAQ
6/4/2019,7527.120117,2369150000,2.646932594,NASDAQ
6/5/2019,7575.47998,2115570000,0.642474974,NASDAQ
6/6/2019,7615.549805,2070940000,0.528941072,NASDAQ
6/7/2019,7742.100098,2066020000,1.661735479,NASDAQ
6/10/2019,7823.169922,2049370000,1.047129629,NASDAQ
6/11/2019,7822.569824,2114680000,-0.007670778,NASDAQ
6/12/2019,7792.720215,1952790000,-0.381583158,NASDAQ
6/13/2019,7837.129883,1838930000,0.569886596,NASDAQ
6/14/2019,7796.660156,1804340000,-0.516384539,NASDAQ
6/17/2019,7845.02002,1935290000,0.620263844,NASDAQ
6/18/2019,7953.879883,2244920000,1.387630149,NASDAQ
6/19/2019,7987.319824,2014080000,0.420423007,NASDAQ
6/20/2019,8051.339844,2053530000,0.801520678,NASDAQ
6/21/2019,8031.709961,2894340000,-0.243808899,NASDAQ
6/24/2019,8005.700195,2070370000,-0.323838462,NASDAQ
6/25/2019,7884.720215,2127310000,-1.511173002,NASDAQ
6/26/2019,7909.970215,2104750000,0.320239645,NASDAQ
6/27/2019,7967.759766,2023120000,0.730591259,NASDAQ
6/28/2019,8006.240234,4078990000,0.482952161,NASDAQ
7/1/2019,8091.160156,2208900000,1.06067167,NASDAQ
7/2/2019,8109.089844,1946320000,0.221596009,NASDAQ
7/3/2019,8170.22998,1548190000,0.753970386,NASDAQ
7/5/2019,8161.790039,149410000,-0.103301144,NASDAQ
7/8/2019,8098.379883,177320000,-0.776914815,NASDAQ
7/9/2019,8141.72998,1866770000,0.535293449,NASDAQ
7/10/2019,8202.530273,2060510000,0.746773636,NASDAQ
7/11/2019,8196.040039,1966970000,-0.07912478,NASDAQ
7/12/2019,8244.139648,1824870000,0.586864007,NASDAQ
7/15/2019,8258.19043,1783980000,0.170433576,NASDAQ
7/16/2019,8222.799805,1933960000,-0.428551815,NASDAQ
7/17/2019,8185.209961,1846960000,-0.457141666,NASDAQ
7/18/2019,8207.240234,2016310000,0.269147317,NASDAQ
7/19/2019,8146.490234,1878730000,-0.740200095,NASDAQ
7/22/2019,8204.139648,1845770000,0.707659524,NASDAQ
7/23/2019,8251.400391,1832220000,0.576059709,NASDAQ
7/24/2019,8321.5,1947550000,0.849548024,NASDAQ
7/25/2019,8238.540039,2023130000,-0.99693518,NASDAQ
7/26/2019,8330.209961,1954350000,1.112696201,NASDAQ
7/29/2019,8293.330078,1874780000,-0.442724531,NASDAQ
7/30/2019,8273.610352,1884300000,-0.23777814,NASDAQ
7/31/2019,8175.419922,2667060000,-1.186790601,NASDAQ
8/1/2019,8111.120117,2792650000,-0.786501557,NASDAQ
8/2/2019,8004.069824,2252550000,-1.319796667,NASDAQ
8/5/2019,7726.040039,2636740000,-3.473605192,NASDAQ
8/6/2019,7833.27002,2201610000,1.387903511,NASDAQ
8/7/2019,7862.830078,2453230000,0.377365493,NASDAQ
8/8/2019,8039.160156,2415670000,2.242577752,NASDAQ
8/9/2019,7959.140137,2224330000,-0.995377844,NASDAQ
8/12/2019,7863.410156,2056360000,-1.202767879,NASDAQ
8/13/2019,8016.359863,2346980000,1.945081128,NASDAQ
8/14/2019,7773.939941,2522870000,-3.024064864,NASDAQ
8/15/2019,7766.620117,2182590000,-0.094158484,NASDAQ
8/16/2019,7895.990234,1995130000,1.665719644,NASDAQ
8/19/2019,8002.810059,1934980000,1.352836336,NASDAQ
8/20/2019,7948.560059,1747580000,-0.677886887,NASDAQ
8/21/2019,8020.209961,1716370000,0.901419898,NASDAQ
8/22/2019,7991.390137,1777630000,-0.359340019,NASDAQ
8/23/2019,7751.77002,2207070000,-2.998478524,NASDAQ
8/26/2019,7853.740234,1688860000,1.315444263,NASDAQ
8/27/2019,7826.950195,1913760000,-0.341111855,NASDAQ
8/28/2019,7856.879883,1656930000,0.382392723,NASDAQ
8/29/2019,7973.390137,1700840000,1.48290741,NASDAQ
8/30/2019,7962.879883,1665840000,-0.131816628,NASDAQ
9/3/2019,7874.160156,1936210000,-1.114166336,NASDAQ
9/4/2019,7976.879883,1891300000,1.304516608,NASDAQ
9/5/2019,8116.830078,2096300000,1.754447817,NASDAQ
9/6/2019,8103.069824,1876380000,-0.169527437,NASDAQ
9/9/2019,8087.439941,2172240000,-0.192888416,NASDAQ
9/10/2019,8084.160156,2362860000,-0.040554057,NASDAQ
9/11/2019,8169.680176,2310440000,1.057871422,NASDAQ
9/12/2019,8194.469727,2159260000,0.303433555,NASDAQ
9/13/2019,8176.709961,1976770000,-0.216728679,NASDAQ
9/16/2019,8153.540039,1869220000,-0.283364851,NASDAQ
9/17/2019,8186.02002,1850340000,0.398354345,NASDAQ
9/18/2019,8177.390137,2034880000,-0.105422207,NASDAQ
9/19/2019,8182.879883,1792700000,0.067133228,NASDAQ
9/20/2019,8117.669922,3359380000,-0.796907225,NASDAQ
9/23/2019,8112.459961,1780160000,-0.064180498,NASDAQ
9/24/2019,7993.629883,2302600000,-1.46478477,NASDAQ
9/25/2019,8077.379883,2015270000,1.047709254,NASDAQ
9/26/2019,8030.660156,1832800000,-0.578402003,NASDAQ
9/27/2019,7939.629883,2037720000,-1.133534121,NASDAQ
9/30/2019,7999.339844,1805820000,0.752049678,NASDAQ
10/1/2019,7908.680176,2243650000,-1.133339373,NASDAQ
10/2/2019,7785.25,2495160000,-1.56069247,NASDAQ
10/3/2019,7872.259766,2141490000,1.117623275,NASDAQ
10/4/2019,7982.470215,1736890000,1.399984913,NASDAQ
10/7/2019,7956.290039,1739450000,-0.327970857,NASDAQ
10/8/2019,7823.779785,1933580000,-1.665477922,NASDAQ
10/9/2019,7903.740234,1553900000,1.022018145,NASDAQ
10/10/2019,7950.779785,1778740000,0.59515558,NASDAQ
10/11/2019,8057.040039,2176080000,1.336475879,NASDAQ
10/14/2019,8048.649902,1419730000,-0.104134235,NASDAQ
10/15/2019,8148.709961,1836650000,1.2431906,NASDAQ
10/16/2019,8124.180176,1886720000,-0.301026606,NASDAQ
10/17/2019,8156.850098,1861570000,0.402131923,NASDAQ
10/18/2019,8089.540039,2012930000,-0.825196714,NASDAQ
10/21/2019,8162.990234,1752860000,0.907965034,NASDAQ
10/22/2019,8104.299805,1847200000,-0.718981982,NASDAQ
10/23/2019,8119.790039,1805030000,0.191135994,NASDAQ
10/24/2019,8185.799805,1882490000,0.812949173,NASDAQ
10/25/2019,8243.120117,1894740000,0.700240824,NASDAQ
10/28/2019,8325.990234,1956280000,1.005324632,NASDAQ
10/29/2019,8276.849609,1834530000,-0.590207574,NASDAQ
10/30/2019,8303.980469,1928420000,0.32779211,NASDAQ
10/31/2019,8292.360352,2258270000,-0.139934301,NASDAQ
11/1/2019,8386.400391,2057310000,1.134056348,NASDAQ
11/4/2019,8433.200195,2149910000,0.558043998,NASDAQ
11/5/2019,8434.679688,2316710000,0.017543672,NASDAQ
11/6/2019,8410.629883,2332650000,-0.285130033,NASDAQ
11/7/2019,8434.519531,2393950000,0.284041128,NASDAQ
11/8/2019,8475.30957,1974190000,0.483608329,NASDAQ
11/11/2019,8464.280273,1715470000,-0.130134444,NASDAQ
11/12/2019,8486.089844,1987820000,0.257665983,NASDAQ
11/13/2019,8482.099609,2173320000,-0.04702089,NASDAQ
11/14/2019,8479.019531,2106550000,-0.036312684,NASDAQ
11/15/2019,8540.830078,2188210000,0.728982246,NASDAQ
11/18/2019,8549.94043,2047240000,0.106668227,NASDAQ
11/19/2019,8570.660156,2075000000,0.242337665,NASDAQ
11/20/2019,8526.730469,2596030000,-0.512558965,NASDAQ
11/21/2019,8506.209961,2056230000,-0.24066092,NASDAQ
11/22/2019,8519.879883,1877090000,0.160705203,NASDAQ
11/25/2019,8632.490234,2256070000,1.321736369,NASDAQ
11/26/2019,8647.929688,2434570000,0.178852841,NASDAQ
11/27/2019,8705.179688,1744580000,0.662008158,NASDAQ
11/29/2019,8665.469727,1099090000,-0.456164748,NASDAQ
12/2/2019,8567.990234,2225940000,-1.124918742,NASDAQ
12/3/2019,8520.639648,2308600000,-0.552645191,NASDAQ
12/4/2019,8566.669922,2150680000,0.540220874,NASDAQ
12/5/2019,8570.700195,2123380000,0.04704597,NASDAQ
12/6/2019,8656.530273,2053530000,1.001436009,NASDAQ
12/9/2019,8621.830078,2088520000,-0.4008557,NASDAQ
12/10/2019,8616.179688,2053390000,-0.065535854,NASDAQ
12/11/2019,8654.049805,1937850000,0.439523297,NASDAQ
12/12/2019,8717.320313,2388270000,0.731108665,NASDAQ
12/13/2019,8734.879883,2188720000,0.201433117,NASDAQ
12/16/2019,8814.230469,2346290000,0.908433625,NASDAQ
12/17/2019,8823.360352,2374120000,0.103581169,NASDAQ
12/18/2019,8827.740234,2727870000,0.049639614,NASDAQ
12/19/2019,8887.219727,2415950000,0.673779375,NASDAQ
12/20/2019,8924.959961,3825460000,0.424657375,NASDAQ
12/23/2019,8945.650391,2025450000,0.231826586,NASDAQ
12/24/2019,8952.879883,1014520000,0.080815723,NASDAQ
12/26/2019,9022.389648,1634920000,0.776395595,NASDAQ
12/27/2019,9006.620117,1832200000,-0.174782199,NASDAQ
12/30/2019,8945.990234,2042420000,-0.673170204,NASDAQ
12/31/2019,8972.599609,2182800000,0.297444713,NASDAQ
1/2/2020,9092.19043,2848370000,1.33284473,NASDAQ
1/3/2020,9020.769531,2567400000,-0.785519172,NASDAQ
1/6/2020,9071.469727,2788120000,0.56203848,NASDAQ
1/7/2020,9068.580078,2352850000,-0.031854254,NASDAQ
1/8/2020,9129.240234,2464090000,0.668904674,NASDAQ
1/9/2020,9203.429688,2534700000,0.812657484,NASDAQ
1/10/2020,9178.860352,2378990000,-0.26695848,NASDAQ
1/13/2020,9273.929688,2530270000,1.035742264,NASDAQ
1/14/2020,9251.330078,2542170000,-0.243689685,NASDAQ
1/15/2020,9258.700195,2435650000,0.079665485,NASDAQ
1/16/2020,9357.129883,2301400000,1.06310482,NASDAQ
1/17/2020,9388.94043,2522670000,0.339960516,NASDAQ
1/21/2020,9370.80957,2684540000,-0.193108691,NASDAQ
1/22/2020,9383.769531,2449390000,0.138301402,NASDAQ
1/23/2020,9402.480469,2460050000,0.19939682,NASDAQ
1/24/2020,9314.910156,2611710000,-0.931353309,NASDAQ
1/27/2020,9139.30957,2583330000,-1.885155982,NASDAQ
1/28/2020,9269.679688,2157830000,1.426476661,NASDAQ
1/29/2020,9275.160156,2223480000,0.059122518,NASDAQ
1/30/2020,9298.929688,2333500000,0.256270852,NASDAQ
1/31/2020,9150.94043,2685840000,-1.591465502,NASDAQ
2/3/2020,9273.400391,2420510000,1.338222688,NASDAQ
2/4/2020,9467.969727,2445420000,2.098144454,NASDAQ
2/5/2020,9508.679688,2462470000,0.429975614,NASDAQ
2/6/2020,9572.150391,2267300000,0.667502798,NASDAQ
2/7/2020,9520.509766,2238670000,-0.539488233,NASDAQ
2/10/2020,9628.389648,2179310000,1.133131362,NASDAQ
2/11/2020,9638.94043,2423670000,0.109579923,NASDAQ
2/12/2020,9725.959961,2355000000,0.90279146,NASDAQ
2/13/2020,9711.969727,2239270000,-0.143844248,NASDAQ
2/14/2020,9731.179688,2222240000,0.197796755,NASDAQ
2/18/2020,9732.740234,2273460000,0.016036555,NASDAQ
2/19/2020,9817.179688,2462530000,0.867581503,NASDAQ
2/20/2020,9750.969727,2735610000,-0.674429552,NASDAQ
2/21/2020,9576.589844,2743010000,-1.788333754,NASDAQ
2/24/2020,9221.280273,3177000000,-3.710188875,NASDAQ
2/25/2020,8965.610352,3583400000,-2.772607636,NASDAQ
2/26/2020,8980.780273,3567830000,0.169201208,NASDAQ
2/27/2020,8566.480469,4536080000,-4.613182724,NASDAQ
2/28/2020,8567.370117,5301170000,0.010385222,NASDAQ
3/2/2020,8952.169922,4232760000,4.491457702,NASDAQ
3/3/2020,8684.089844,4336700000,-2.994582099,NASDAQ
3/4/2020,9018.089844,3602870000,3.846114055,NASDAQ
3/5/2020,8738.589844,3748090000,-3.099325964,NASDAQ
3/6/2020,8575.620117,4279850000,-1.864943085,NASDAQ
3/9/2020,7950.680176,4530350000,-7.287402339,NASDAQ
3/10/2020,8344.25,4431930000,4.950140306,NASDAQ
3/11/2020,7952.049805,4273890000,-4.700245019,NASDAQ
3/12/2020,7201.799805,5066530000,-9.434674309,NASDAQ
3/13/2020,7874.879883,4685890000,9.34599817,NASDAQ
3/16/2020,6904.589844,4594360000,-12.32133129,NASDAQ
3/17/2020,7334.779785,4900000000,6.230492335,NASDAQ
3/18/2020,6989.839844,4890820000,-4.702798872,NASDAQ
3/19/2020,7150.580078,4762170000,2.299626853,NASDAQ
3/20/2020,6879.52002,5239940000,-3.79074222,NASDAQ
3/23/2020,6860.669922,4330610000,-0.274003098,NASDAQ
3/24/2020,7417.859863,4417380000,8.121509231,NASDAQ
3/25/2020,7384.299805,4666440000,-0.452422378,NASDAQ
3/26/2020,7797.540039,3999850000,5.596200654,NASDAQ
3/27/2020,7502.379883,3977010000,-3.78529837,NASDAQ
3/30/2020,7774.149902,3846900000,3.622450785,NASDAQ
3/31/2020,7700.100098,4059700000,-0.9525132,NASDAQ
4/1/2020,7360.580078,3685510000,-4.409293589,NASDAQ
4/2/2020,7487.310059,3608190000,1.721739043,NASDAQ
4/3/2020,7373.080078,3279100000,-1.525647797,NASDAQ
4/6/2020,7913.240234,3849100000,7.3261127,NASDAQ
4/7/2020,7887.259766,4069410000,-0.328316432,NASDAQ
4/8/2020,8090.899902,3470730000,2.581887018,NASDAQ
4/9/2020,8153.580078,4123670000,0.774699684,NASDAQ
4/13/2020,8192.419922,3146860000,0.476353254,NASDAQ
4/14/2020,8515.740234,3732820000,3.946578851,NASDAQ
4/15/2020,8393.179688,3333750000,-1.439223633,NASDAQ
4/16/2020,8532.360352,3995870000,1.658259077,NASDAQ
4/17/2020,8650.139648,4335020000,1.380383518,NASDAQ
4/20/2020,8560.730469,3796950000,-1.03361544,NASDAQ
4/21/2020,8263.230469,3756290000,-3.475170735,NASDAQ
4/22/2020,8495.379883,3025060000,2.809426832,NASDAQ
4/23/2020,8494.75,3734720000,-0.007414418,NASDAQ
4/24/2020,8634.519531,3673170000,1.645363678,NASDAQ
4/27/2020,8730.160156,3678460000,1.107654278,NASDAQ
4/28/2020,8607.730469,3707540000,-1.402376186,NASDAQ
4/29/2020,8914.709961,4378540000,3.566323238,NASDAQ
4/30/2020,8889.549805,4316380000,-0.282231908,NASDAQ
5/1/2020,8604.950195,3722520000,-3.201507571,NASDAQ
5/4/2020,8710.709961,3422150000,1.229057271,NASDAQ
5/5/2020,8809.120117,3913360000,1.129760449,NASDAQ
5/6/2020,8854.389648,3620030000,0.513893901,NASDAQ
5/7/2020,8979.660156,3762070000,1.414784225,NASDAQ
5/8/2020,9121.320313,3777340000,1.577567019,NASDAQ
5/11/2020,9192.339844,3898690000,0.778610207,NASDAQ
5/12/2020,9002.549805,4315070000,-2.064654291,NASDAQ
5/13/2020,8863.169922,4244110000,-1.548226736,NASDAQ
5/14/2020,8943.719727,3945080000,0.908814856,NASDAQ
5/15/2020,9014.55957,4221500000,0.792062421,NASDAQ
5/18/2020,9234.830078,4318310000,2.44349717,NASDAQ
5/19/2020,9185.099609,4144770000,-0.538509843,NASDAQ
5/20/2020,9375.780273,4292470000,2.075978183,NASDAQ
5/21/2020,9284.879883,3725950000,-0.969523467,NASDAQ
5/22/2020,9324.589844,3641830000,0.427684165,NASDAQ
5/26/2020,9340.219727,4432310000,0.167620059,NASDAQ
5/27/2020,9412.360352,4462450000,0.772365395,NASDAQ
5/28/2020,9368.990234,4064220000,-0.460778342,NASDAQ
5/29/2020,9489.870117,423570000,1.290212499,NASDAQ
6/1/2020,9552.049805,3824770000,0.655221697,NASDAQ
6/2/2020,9608.379883,3962460000,0.589717172,NASDAQ
6/3/2020,9682.910156,4638380000,0.775679916,NASDAQ
6/4/2020,9615.80957,6074320000,-0.692979537,NASDAQ
6/5/2020,9814.080078,6572850000,2.061922156,NASDAQ
6/8/2020,9924.75,6143120000,1.127664754,NASDAQ
6/9/2020,9953.75,5281860000,0.292198796,NASDAQ
6/10/2020,10020.34961,5128400000,0.669090634,NASDAQ
6/11/2020,9492.730469,5271000000,-5.265476361,NASDAQ
6/12/2020,9588.80957,4366190000,1.012133456,NASDAQ
6/15/2020,9726.019531,4440650000,1.430938429,NASDAQ
6/16/2020,9895.870117,4639860000,1.746352508,NASDAQ
6/17/2020,9910.530273,4249680000,0.148144184,NASDAQ
6/18/2020,9943.049805,4294740000,0.3281311,NASDAQ
6/19/2020,9946.120117,6068130000,0.030878976,NASDAQ
6/22/2020,10056.48047,4468000000,1.109581934,NASDAQ
6/23/2020,10131.37012,5712450000,0.744690434,NASDAQ
6/24/2020,9909.169922,5549440000,-2.193189987,NASDAQ
6/25/2020,10017,4709620000,1.088184771,NASDAQ
6/26/2020,9757.219727,7279230000,-2.59339396,NASDAQ
6/29/2020,9874.150391,4306120000,1.198401463,NASDAQ
6/30/2020,10058.76953,4474000000,1.869721775,NASDAQ
7/1/2020,10154.62988,4595970000,0.953002767,NASDAQ
7/2/2020,10207.62988,4017530000,0.521929412,NASDAQ
7/6/2020,10433.65039,4529480000,2.214231027,NASDAQ
7/7/2020,10343.88965,4314110000,-0.860300467,NASDAQ
7/8/2020,10492.5,3999180000,1.436696998,NASDAQ
7/9/2020,10547.75,3992920000,0.526566595,NASDAQ
7/10/2020,10617.44043,3509810000,0.660713707,NASDAQ
7/13/2020,10390.83984,4822050000,-2.134229879,NASDAQ
7/14/2020,10488.58008,4419480000,0.940638442,NASDAQ
7/15/2020,10550.49023,4610540000,0.59026251,NASDAQ
7/16/2020,10473.83008,4237290000,-0.726602786,NASDAQ
7/17/2020,10503.19043,4334280000,0.280321065,NASDAQ
7/20/2020,10767.08984,4274340000,2.512564309,NASDAQ
7/21/2020,10680.36035,5311750000,-0.805505417,NASDAQ
7/22/2020,10706.12988,4074020000,0.241279602,NASDAQ
7/23/2020,10461.41992,4469470000,-2.285699535,NASDAQ
7/24/2020,10363.17969,4205330000,-0.939071701,NASDAQ
7/27/2020,10536.26953,4209900000,1.670238751,NASDAQ
7/28/2020,10402.08984,3869230000,-1.273502795,NASDAQ
7/29/2020,10542.94043,3970900000,1.354060464,NASDAQ
7/30/2020,10587.80957,4135200000,0.425584687,NASDAQ
7/31/2020,10745.26953,4418390000,1.487181649,NASDAQ
8/3/2020,10902.79981,4173600000,1.466043021,NASDAQ
8/4/2020,10941.16992,3973570000,0.351929025,NASDAQ
8/5/2020,10998.40039,4119550000,0.523074492,NASDAQ
8/6/2020,11108.07031,4086290000,0.997144295,NASDAQ
8/7/2020,11010.98047,4230720000,-0.874047798,NASDAQ
8/10/2020,10968.36035,4018530000,-0.387069227,NASDAQ
8/11/2020,10782.82031,4303980000,-1.69159321,NASDAQ
8/12/2020,11012.24023,3716840000,2.127642995,NASDAQ
8/13/2020,11042.5,3444140000,0.274783017,NASDAQ
8/14/2020,11019.29981,3491320000,-0.210099117,NASDAQ
8/17/2020,11129.73047,3193160000,1.002156815,NASDAQ
8/18/2020,11210.83984,3199470000,0.728763156,NASDAQ
8/19/2020,11146.45996,3467890000,-0.574264586,NASDAQ
8/20/2020,11264.9502,4170980000,1.063030185,NASDAQ
8/21/2020,11311.79981,3905670000,0.415888301,NASDAQ
8/24/2020,11379.71973,3885880000,0.600434265,NASDAQ
8/25/2020,11466.46973,3454500000,0.76232106,NASDAQ
8/26/2020,11665.05957,3441550000,1.731917911,NASDAQ
8/27/2020,11625.33984,3535800000,-0.340501699,NASDAQ
8/28/2020,11695.62988,2997810000,0.604627821,NASDAQ
8/31/2020,11775.45996,3596980000,0.682563306,NASDAQ
9/1/2020,11939.66992,3480780000,1.394509952,NASDAQ
9/2/2020,12056.44043,3966140000,0.978004491,NASDAQ
9/3/2020,11458.09961,4437500000,-4.96283148,NASDAQ
9/4/2020,11313.12988,4269190000,-1.265216144,NASDAQ
9/8/2020,10847.69043,3872230000,-4.114152828,NASDAQ
9/9/2020,11141.55957,3531780000,2.709047994,NASDAQ
9/10/2020,10919.58984,3814100000,-1.992268,NASDAQ
9/11/2020,10853.54981,3609190000,-0.604784978,NASDAQ
9/14/2020,11056.65039,3716820000,1.871282573,NASDAQ
9/15/2020,11190.32031,3772820000,1.208954948,NASDAQ
9/16/2020,11050.46973,3661710000,-1.249746049,NASDAQ
9/17/2020,10910.28027,3726750000,-1.268628913,NASDAQ
9/18/2020,10793.28027,5745690000,-1.072383083,NASDAQ
9/21/2020,10778.79981,3885200000,-0.134161883,NASDAQ
9/22/2020,10963.63965,3492020000,1.714846238,NASDAQ
9/23/2020,10632.99023,4074600000,-3.01587269,NASDAQ
9/24/2020,10672.26953,4080730000,0.369409697,NASDAQ
9/25/2020,10913.55957,3767230000,2.260906533,NASDAQ
9/28/2020,11117.53027,3562900000,1.868965865,NASDAQ
9/29/2020,11085.25,3363870000,-0.290354712,NASDAQ
9/30/2020,11167.50977,4228200000,0.74206505,NASDAQ
10/1/2020,11326.50977,3978100000,1.4237731,NASDAQ
10/2/2020,11075.01953,3715090000,-2.220368323,NASDAQ
10/5/2020,11332.49023,3597940000,2.324787801,NASDAQ
10/6/2020,11154.59961,4360550000,-1.569739936,NASDAQ
10/7/2020,11364.59961,3891460000,1.882631447,NASDAQ
10/8/2020,11420.98047,3486530000,0.496109515,NASDAQ
10/9/2020,11579.94043,3475620000,1.391824121,NASDAQ
10/12/2020,11876.25977,3862990000,2.558902075,NASDAQ
10/13/2020,11863.90039,3607730000,-0.104067907,NASDAQ
10/14/2020,11768.73047,3393010000,-0.802180724,NASDAQ
10/15/2020,11713.87012,3304490000,-0.466153526,NASDAQ
10/16/2020,11671.55957,3156270000,-0.361200411,NASDAQ
10/22/2018,22614.82031,63000,0.367210815,NIKKEI
10/23/2018,22010.7793,80200,-2.67099631,NIKKEI
10/24/2018,22091.17969,83900,0.365277348,NIKKEI
10/25/2018,21268.73047,93600,-3.722975552,NIKKEI
10/26/2018,21184.59961,92900,-0.395561268,NIKKEI
10/29/2018,21149.80078,70800,-0.164264743,NIKKEI
10/30/2018,21457.28906,116900,1.453858999,NIKKEI
10/31/2018,21920.46094,105000,2.158575921,NIKKEI
11/1/2018,21687.65039,101900,-1.062069578,NIKKEI
11/2/2018,22243.66016,101900,2.563716009,NIKKEI
11/5/2018,21898.99023,78700,-1.549519816,NIKKEI
11/6/2018,22147.75,0,1.135941719,NIKKEI
11/7/2018,22085.80078,96300,-0.27970886,NIKKEI
11/8/2018,22486.91992,81900,1.816185634,NIKKEI
11/9/2018,22250.25,78100,-1.052478164,NIKKEI
11/12/2018,22269.88086,59300,0.088227588,NIKKEI
11/13/2018,21810.51953,85700,-2.062702225,NIKKEI
11/14/2018,21846.48047,75200,0.164878869,NIKKEI
11/15/2018,21803.61914,0,-0.196193286,NIKKEI
11/16/2018,21680.33984,74900,-0.565407496,NIKKEI
11/19/2018,21821.16016,72100,0.649530003,NIKKEI
11/20/2018,21583.11914,82500,-1.090872407,NIKKEI
11/21/2018,21507.53906,77300,-0.350181443,NIKKEI
11/22/2018,21646.55078,65900,0.646339489,NIKKEI
11/26/2018,21812,78000,0.764321395,NIKKEI
11/27/2018,21952.40039,74000,0.643684169,NIKKEI
11/28/2018,22177.01953,77600,1.023209927,NIKKEI
11/29/2018,22262.59961,69300,0.385895309,NIKKEI
11/30/2018,22351.06055,104100,0.397352239,NIKKEI
12/3/2018,22574.75977,70500,1.000843868,NIKKEI
12/4/2018,22036.05078,89600,-2.386333191,NIKKEI
12/5/2018,21919.33008,83700,-0.529680677,NIKKEI
12/6/2018,21501.61914,87600,-1.90567383,NIKKEI
12/7/2018,21678.67969,78100,0.823475413,NIKKEI
12/10/2018,21219.5,79000,-2.118116484,NIKKEI
12/11/2018,21148.01953,87500,-0.336862174,NIKKEI
12/12/2018,21602.75,89600,2.150227204,NIKKEI
12/13/2018,21816.18945,79200,0.988019826,NIKKEI
12/14/2018,21374.83008,102800,-2.023081877,NIKKEI
12/17/2018,21506.88086,63400,0.617786343,NIKKEI
12/18/2018,21115.44922,80500,-1.820029797,NIKKEI
12/19/2018,20987.91992,81300,-0.603962036,NIKKEI
12/20/2018,20392.58008,96300,-2.836583359,NIKKEI
12/21/2018,20166.18945,116600,-1.110161756,NIKKEI
12/25/2018,19155.74023,0,-5.010610564,NIKKEI
12/26/2018,19327.06055,79900,0.89435496,NIKKEI
12/27/2018,20077.61914,93000,3.88345963,NIKKEI
12/28/2018,20014.76953,70600,-0.313033182,NIKKEI
1/4/2019,19561.96094,91600,-2.262372256,NIKKEI
1/7/2019,20038.9707,81500,2.438455769,NIKKEI
1/8/2019,20204.03906,86400,0.82373672,NIKKEI
1/9/2019,20427.06055,72800,1.103846034,NIKKEI
1/10/2019,20163.80078,73700,-1.288779486,NIKKEI
1/11/2019,20359.69922,77700,0.971535278,NIKKEI
1/15/2019,20555.28906,78300,0.960671579,NIKKEI
1/16/2019,20442.75,69500,-0.547494432,NIKKEI
1/17/2019,20402.26953,63600,-0.198018706,NIKKEI
1/18/2019,20666.07031,64700,1.29299724,NIKKEI
1/21/2019,20719.33008,61200,0.257715977,NIKKEI
1/22/2019,20622.91016,57100,-0.46536216,NIKKEI
1/23/2019,20593.7207,0,-0.141538962,NIKKEI
1/24/2019,20574.63086,61400,-0.092697402,NIKKEI
1/25/2019,20773.56055,68400,0.966868807,NIKKEI
1/28/2019,20649,56800,-0.599610966,NIKKEI
1/29/2019,20664.64063,63100,0.075745193,NIKKEI
1/30/2019,20556.53906,72100,-0.523123358,NIKKEI
1/31/2019,20773.49023,75700,1.055387633,NIKKEI
2/1/2019,20788.39063,82200,0.071727913,NIKKEI
2/4/2019,20883.76953,66600,0.458808513,NIKKEI
2/5/2019,20844.44922,65500,-0.188281679,NIKKEI
2/6/2019,20874.06055,68900,0.142058577,NIKKEI
2/7/2019,20751.2793,70600,-0.588200124,NIKKEI
2/8/2019,20333.16992,86200,-2.014860718,NIKKEI
2/12/2019,20864.21094,84100,2.611698117,NIKKEI
2/13/2019,21144.48047,78600,1.343302806,NIKKEI
2/14/2019,21139.71094,64500,-0.022556861,NIKKEI
2/15/2019,20900.63086,65600,-1.130952451,NIKKEI
2/18/2019,21281.84961,61800,1.823958102,NIKKEI
2/19/2019,21302.65039,53600,0.09773954,NIKKEI
2/20/2019,21431.49023,59700,0.604806635,NIKKEI
2/21/2019,21464.23047,68400,0.152766955,NIKKEI
2/22/2019,21425.50977,52400,-0.180396418,NIKKEI
2/25/2019,21528.23047,51800,0.479431781,NIKKEI
2/26/2019,21449.39063,56400,-0.366216091,NIKKEI
2/27/2019,21556.50977,67700,0.499404122,NIKKEI
2/28/2019,21385.16016,71500,-0.794885684,NIKKEI
3/1/2019,21602.68945,62600,1.017197418,NIKKEI
3/4/2019,21822.03906,59100,1.015381027,NIKKEI
3/5/2019,21726.2793,59200,-0.438821348,NIKKEI
3/6/2019,21596.81055,57100,-0.595908523,NIKKEI
3/7/2019,21456.00977,75200,-0.651951735,NIKKEI
3/8/2019,21025.56055,99800,-2.006194179,NIKKEI
3/11/2019,21125.08984,55600,0.473372859,NIKKEI
3/12/2019,21503.68945,67800,1.792179876,NIKKEI
3/13/2019,21290.24023,66200,-0.99261673,NIKKEI
3/14/2019,21287.01953,64100,-0.015127603,NIKKEI
3/15/2019,21450.84961,83200,0.769624314,NIKKEI
3/18/2019,21584.5,55200,0.623054067,NIKKEI
3/19/2019,21566.84961,59900,-0.081773453,NIKKEI
3/20/2019,21608.91992,65300,0.195069348,NIKKEI
3/22/2019,21627.33984,78900,0.085242215,NIKKEI
3/25/2019,20977.10938,77700,-3.006520791,NIKKEI
3/26/2019,21428.39063,101300,2.151303318,NIKKEI
3/27/2019,21378.73047,76000,-0.23174935,NIKKEI
3/28/2019,21033.75977,71100,-1.61361641,NIKKEI
3/29/2019,21205.81055,61600,0.817974451,NIKKEI
4/1/2019,21509.0293,77400,1.429885216,NIKKEI
4/2/2019,21505.31055,71000,-0.017289251,NIKKEI
4/3/2019,21713.21094,68500,0.966739776,NIKKEI
4/4/2019,21724.94922,57900,0.054060549,NIKKEI
4/5/2019,21807.5,58500,0.379981468,NIKKEI
4/8/2019,21761.65039,54600,-0.210246975,NIKKEI
4/9/2019,21802.58984,54300,0.1881266,NIKKEI
4/10/2019,21687.57031,58700,-0.527549855,NIKKEI
4/11/2019,21711.38086,61200,0.109788905,NIKKEI
4/12/2019,21870.56055,61600,0.733162432,NIKKEI
4/15/2019,22169.10938,66100,1.365071679,NIKKEI
4/16/2019,22221.66016,57300,0.237045071,NIKKEI
4/17/2019,22277.9707,75400,0.253403871,NIKKEI
4/18/2019,22090.11914,67300,-0.843216667,NIKKEI
4/19/2019,22200.56055,0,0.499958399,NIKKEI
4/22/2019,22217.90039,42900,0.078105433,NIKKEI
4/23/2019,22259.74023,52000,0.188315918,NIKKEI
4/24/2019,22200,67900,-0.268377948,NIKKEI
4/25/2019,22307.58008,63300,0.484594946,NIKKEI
4/26/2019,22258.73047,71900,-0.218982108,NIKKEI
5/7/2019,21923.7207,90700,-1.505071309,NIKKEI
5/8/2019,21602.58984,85700,-1.464764414,NIKKEI
5/9/2019,21402.13086,96900,-0.927939596,NIKKEI
5/10/2019,21344.91992,98500,-0.26731421,NIKKEI
5/13/2019,21191.2793,74500,-0.719799491,NIKKEI
5/14/2019,21067.23047,90200,-0.585376778,NIKKEI
5/15/2019,21188.56055,84100,0.575918501,NIKKEI
5/16/2019,21062.98047,82500,-0.592678666,NIKKEI
5/17/2019,21250.08984,75800,0.888332851,NIKKEI
5/20/2019,21301.73047,65100,0.243013678,NIKKEI
5/21/2019,21272.44922,70100,-0.13745949,NIKKEI
5/22/2019,21283.36914,64500,0.051333638,NIKKEI
5/23/2019,21151.14063,63900,-0.621276242,NIKKEI
5/24/2019,21117.2207,67700,-0.160369233,NIKKEI
5/27/2019,21182.58008,41600,0.309507467,NIKKEI
5/28/2019,21260.14063,98500,0.366152502,NIKKEI
5/29/2019,21003.36914,70000,-1.207760045,NIKKEI
5/30/2019,20942.5293,58700,-0.28966707,NIKKEI
5/31/2019,20601.18945,79100,-1.629888344,NIKKEI
6/3/2019,20410.88086,67400,-0.923774787,NIKKEI
6/4/2019,20408.53906,69200,-0.011473273,NIKKEI
6/5/2019,20776.09961,72300,1.801013511,NIKKEI
6/6/2019,20774.03906,59600,-0.009917867,NIKKEI
6/7/2019,20884.71094,50700,0.532741248,NIKKEI
6/10/2019,21134.41992,58200,1.19565449,NIKKEI
6/11/2019,21204.2793,52100,0.330547871,NIKKEI
6/12/2019,21129.7207,56500,-0.351620505,NIKKEI
6/13/2019,21032,65700,-0.462479861,NIKKEI
6/14/2019,21116.89063,60400,0.403626022,NIKKEI
6/17/2019,21124,49100,0.03366677,NIKKEI
6/18/2019,20972.71094,54600,-0.716195143,NIKKEI
6/19/2019,21333.86914,64100,1.72203872,NIKKEI
6/20/2019,21462.85938,55700,0.604626536,NIKKEI
6/21/2019,21258.64063,89000,-0.951498337,NIKKEI
6/24/2019,21285.99023,43200,0.12865173,NIKKEI
6/25/2019,21193.81055,53900,-0.433053318,NIKKEI
6/26/2019,21086.58984,50300,-0.505905735,NIKKEI
6/27/2019,21338.16992,61300,1.19308091,NIKKEI
6/28/2019,21275.91992,62100,-0.291730735,NIKKEI
7/1/2019,21729.9707,66900,2.134106458,NIKKEI
7/2/2019,21754.26953,54700,0.111821725,NIKKEI
7/3/2019,21638.16016,55000,-0.533731435,NIKKEI
7/4/2019,21702.44922,37800,0.297109655,NIKKEI
7/5/2019,21746.38086,44800,0.202427107,NIKKEI
7/8/2019,21534.34961,51900,-0.975018562,NIKKEI
7/9/2019,21565.15039,53900,0.143030937,NIKKEI
7/10/2019,21533.48047,58900,-0.146856949,NIKKEI
7/11/2019,21643.5293,49600,0.511059177,NIKKEI
7/12/2019,21685.90039,45400,0.195767952,NIKKEI
7/16/2019,21535.25,49800,-0.694692811,NIKKEI
7/17/2019,21469.17969,53300,-0.306800766,NIKKEI
7/18/2019,21046.24023,70200,-1.969984229,NIKKEI
7/19/2019,21466.99023,57900,1.999169426,NIKKEI
7/22/2019,21416.78906,46900,-0.233852862,NIKKEI
7/23/2019,21620.88086,48100,0.952952356,NIKKEI
7/24/2019,21709.57031,51100,0.410202778,NIKKEI
7/25/2019,21756.55078,46900,0.216404412,NIKKEI
7/26/2019,21658.15039,47600,-0.452279366,NIKKEI
7/29/2019,21616.80078,47000,-0.190919396,NIKKEI
7/30/2019,21709.31055,54500,0.427953086,NIKKEI
7/31/2019,21521.5293,76500,-0.864980256,NIKKEI
8/1/2019,21540.99023,75700,0.090425437,NIKKEI
8/2/2019,21087.16016,91500,-2.106820871,NIKKEI
8/5/2019,20720.28906,85800,-1.739784259,NIKKEI
8/6/2019,20585.31055,89700,-0.651431626,NIKKEI
8/7/2019,20516.56055,73600,-0.333976016,NIKKEI
8/8/2019,20593.34961,64800,0.374278436,NIKKEI
8/9/2019,20684.82031,63700,0.444175939,NIKKEI
8/13/2019,20455.43945,72900,-1.108933298,NIKKEI
8/14/2019,20655.13086,60900,0.976226428,NIKKEI
8/15/2019,20405.65039,68200,-1.207837751,NIKKEI
8/16/2019,20418.81055,58400,0.064492705,NIKKEI
8/19/2019,20563.16016,50600,0.706944259,NIKKEI
8/20/2019,20677.2207,50100,0.55468394,NIKKEI
8/21/2019,20618.57031,53000,-0.283647357,NIKKEI
8/22/2019,20628.00977,54600,0.045781317,NIKKEI
8/23/2019,20710.91016,50700,0.401882639,NIKKEI
8/26/2019,20261.03906,69900,-2.172145452,NIKKEI
8/27/2019,20456.08008,60800,0.962640733,NIKKEI
8/28/2019,20479.41992,51500,0.114097344,NIKKEI
8/29/2019,20460.92969,55100,-0.090286903,NIKKEI
8/30/2019,20704.36914,72000,1.189777086,NIKKEI
9/2/2019,20620.18945,42400,-0.406579343,NIKKEI
9/3/2019,20625.16016,0,0.024106001,NIKKEI
9/4/2019,20649.14063,51500,0.116268038,NIKKEI
9/5/2019,21085.93945,83000,2.115336594,NIKKEI
9/6/2019,21199.57031,71100,0.538893988,NIKKEI
9/9/2019,21318.41992,57800,0.560622726,NIKKEI
9/10/2019,21392.09961,92400,0.345615141,NIKKEI
9/11/2019,21597.75977,110100,0.961383692,NIKKEI
9/12/2019,21759.60938,96000,0.749381467,NIKKEI
9/13/2019,21988.28906,116300,1.05093655,NIKKEI
9/17/2019,22001.32031,81500,0.059264502,NIKKEI
9/18/2019,21960.71094,69400,-0.184576991,NIKKEI
9/19/2019,22044.44922,78200,0.381309518,NIKKEI
9/20/2019,22079.08984,85000,0.157139898,NIKKEI
9/24/2019,22098.83984,68400,0.089451151,NIKKEI
9/25/2019,22020.15039,61600,-0.356079566,NIKKEI
9/26/2019,22048.24023,81600,0.127564265,NIKKEI
9/27/2019,21878.90039,76400,-0.768042443,NIKKEI
9/30/2019,21755.83984,69900,-0.562462212,NIKKEI
10/1/2019,21885.24023,62300,0.594784623,NIKKEI
10/2/2019,21778.60938,63300,-0.487227272,NIKKEI
10/3/2019,21341.74023,67700,-2.005955171,NIKKEI
10/4/2019,21410.19922,57700,0.320775083,NIKKEI
10/7/2019,21375.25,47400,-0.163236309,NIKKEI
10/8/2019,21587.7793,60800,0.99427748,NIKKEI
10/9/2019,21456.38086,55400,-0.608670471,NIKKEI
10/10/2019,21551.98047,59900,0.445553286,NIKKEI
10/11/2019,21798.86914,67400,1.145549813,NIKKEI
10/15/2019,22207.21094,74500,1.873224681,NIKKEI
10/16/2019,22472.91992,78700,1.196498672,NIKKEI
10/17/2019,22451.85938,57800,-0.093715223,NIKKEI
10/18/2019,22492.67969,59200,0.181812617,NIKKEI
10/21/2019,22548.90039,48400,0.249951112,NIKKEI
10/23/2019,22625.38086,68000,0.339176043,NIKKEI
10/24/2019,22750.59961,61300,0.553443722,NIKKEI
10/25/2019,22799.81055,57200,0.216306114,NIKKEI
10/28/2019,22867.26953,48100,0.295875195,NIKKEI
10/29/2019,22974.13086,72900,0.467311271,NIKKEI
10/30/2019,22843.11914,101600,-0.57025756,NIKKEI
10/31/2019,22927.03906,78300,0.367375057,NIKKEI
11/1/2019,22850.76953,65400,-0.332661936,NIKKEI
11/5/2019,23251.99023,102100,1.755830159,NIKKEI
11/6/2019,23303.82031,77400,0.22290599,NIKKEI
11/7/2019,23330.32031,70900,0.113715261,NIKKEI
11/8/2019,23391.86914,94600,0.263814758,NIKKEI
11/11/2019,23331.83984,61500,-0.256624627,NIKKEI
11/12/2019,23520.00977,63000,0.806494144,NIKKEI
11/13/2019,23319.86914,63400,-0.850937678,NIKKEI
11/14/2019,23141.55078,79900,-0.764662781,NIKKEI
11/15/2019,23303.32031,72200,0.69904361,NIKKEI
11/18/2019,23416.75977,57300,0.486795236,NIKKEI
11/19/2019,23292.65039,64200,-0.530002341,NIKKEI
11/20/2019,23148.57031,65700,-0.61856455,NIKKEI
11/21/2019,23038.58008,69800,-0.47514915,NIKKEI
11/22/2019,23112.88086,55600,0.322505904,NIKKEI
11/25/2019,23292.81055,50300,0.778482306,NIKKEI
11/26/2019,23373.32031,94300,0.345642128,NIKKEI
11/27/2019,23437.76953,52200,0.275738394,NIKKEI
11/28/2019,23409.14063,44800,-0.122148594,NIKKEI
11/29/2019,23293.91016,52100,-0.492245618,NIKKEI
12/2/2019,23529.5,47700,1.011379551,NIKKEI
12/3/2019,23379.81055,58800,-0.63617779,NIKKEI
12/4/2019,23135.23047,58100,-1.046116595,NIKKEI
12/5/2019,23300.08984,61400,0.712590156,NIKKEI
12/6/2019,23354.40039,54400,0.233091578,NIKKEI
12/9/2019,23430.69922,55800,0.326700008,NIKKEI
12/10/2019,23410.18945,52800,-0.087533734,NIKKEI
12/11/2019,23391.85938,61300,-0.078299571,NIKKEI
12/12/2019,23424.81055,56300,0.14086598,NIKKEI
12/13/2019,24023.09961,115500,2.554082821,NIKKEI
12/16/2019,23952.34961,53300,-0.294508207,NIKKEI
12/17/2019,24066.11914,64000,0.474982763,NIKKEI
12/18/2019,23934.42969,66300,-0.547198542,NIKKEI
12/19/2019,23864.84961,55600,-0.290711247,NIKKEI
12/20/2019,23816.63086,70300,-0.202049251,NIKKEI
12/23/2019,23821.10938,45200,0.018804154,NIKKEI
12/24/2019,23830.58008,37900,0.039757607,NIKKEI
12/25/2019,23782.86914,31600,-0.200208878,NIKKEI
12/26/2019,23924.91992,40300,0.597281935,NIKKEI
12/27/2019,23837.7207,44800,-0.364470265,NIKKEI
12/30/2019,23656.61914,41600,-0.759726839,NIKKEI
1/6/2020,23204.85938,72800,-1.909654813,NIKKEI
1/7/2020,23575.7207,64300,1.598205453,NIKKEI
1/8/2020,23204.75977,79400,-1.573487155,NIKKEI
1/9/2020,23739.86914,62200,2.306032816,NIKKEI
1/10/2020,23850.57031,55900,0.466309108,NIKKEI
1/14/2020,24025.16992,64200,0.732056327,NIKKEI
1/15/2020,23916.58008,57200,-0.451983667,NIKKEI
1/16/2020,23933.13086,55400,0.069202122,NIKKEI
1/17/2020,24041.25977,59400,0.451795913,NIKKEI
1/20/2020,24083.50977,38300,0.175739543,NIKKEI
1/21/2020,23864.56055,44600,-0.909125045,NIKKEI
1/22/2020,24031.34961,49000,0.698898526,NIKKEI
1/23/2020,23795.43945,55500,-0.981676684,NIKKEI
1/24/2020,23827.17969,48700,0.133387892,NIKKEI
1/27/2020,23343.50977,62400,-2.0299084,NIKKEI
1/28/2020,23215.71094,64400,-0.547470493,NIKKEI
1/29/2020,23379.40039,54900,0.70508051,NIKKEI
1/30/2020,22977.75,69600,-1.717967032,NIKKEI
1/31/2020,23205.17969,75400,0.989782237,NIKKEI
2/3/2020,22971.93945,72500,-1.005121435,NIKKEI
2/4/2020,23084.58984,67900,0.490382587,NIKKEI
2/5/2020,23319.56055,70300,1.017868217,NIKKEI
2/6/2020,23873.58984,95100,2.375813626,NIKKEI
2/7/2020,23827.98047,65400,-0.191045315,NIKKEI
2/10/2020,23685.98047,56500,-0.595938041,NIKKEI
2/12/2020,23861.21094,74600,0.739806694,NIKKEI
2/13/2020,23827.73047,64500,-0.140313369,NIKKEI
2/14/2020,23687.58984,69100,-0.588140886,NIKKEI
2/17/2020,23523.24023,54000,-0.693821579,NIKKEI
2/18/2020,23193.80078,59500,-1.400485009,NIKKEI
2/19/2020,23400.69922,61600,0.892041973,NIKKEI
2/20/2020,23479.15039,63300,0.335251401,NIKKEI
2/21/2020,23386.74023,62100,-0.393583905,NIKKEI
2/25/2020,22605.41016,105800,-3.340910577,NIKKEI
2/26/2020,22426.18945,99300,-0.792822169,NIKKEI
2/27/2020,21948.23047,106200,-2.131253662,NIKKEI
2/28/2020,21142.96094,148500,-3.668949677,NIKKEI
3/2/2020,21344.08008,123700,0.951234506,NIKKEI
3/3/2020,21082.73047,105300,-1.224459466,NIKKEI
3/4/2020,21100.06055,94600,0.082200349,NIKKEI
3/5/2020,21329.11914,85700,1.085582638,NIKKEI
3/6/2020,20749.75,111700,-2.716329433,NIKKEI
3/9/2020,19698.75977,170300,-5.065074201,NIKKEI
3/10/2020,19867.11914,164700,0.854669923,NIKKEI
3/11/2020,19416.06055,129200,-2.270377455,NIKKEI
3/12/2020,18559.63086,164600,-4.41093437,NIKKEI
3/13/2020,17431.05078,233400,-6.080832569,NIKKEI
3/16/2020,17002.03906,158100,-2.46119252,NIKKEI
3/17/2020,17011.5293,198800,0.055818211,NIKKEI
3/18/2020,16726.55078,177200,-1.675208096,NIKKEI
3/19/2020,16552.83008,198900,-1.038592506,NIKKEI
3/23/2020,16887.7793,170300,2.023516326,NIKKEI
3/24/2020,18092.34961,147300,7.132792837,NIKKEI
3/25/2020,19546.63086,147700,8.038100531,NIKKEI
3/26/2020,18664.59961,128100,-4.512446449,NIKKEI
3/27/2020,19389.42969,148900,3.883448315,NIKKEI
3/30/2020,19084.9707,121000,-1.57023177,NIKKEI
3/31/2020,18917.00977,122200,-0.880069137,NIKKEI
4/1/2020,18065.41016,105800,-4.501766508,NIKKEI
4/2/2020,17818.7207,107300,-1.365534748,NIKKEI
4/3/2020,17820.18945,96000,0.008242735,NIKKEI
4/6/2020,18576.30078,105700,4.243003869,NIKKEI
4/7/2020,18950.17969,108200,2.012666092,NIKKEI
4/8/2020,19353.24023,105900,2.126948412,NIKKEI
4/9/2020,19345.76953,82300,-0.03860182,NIKKEI
4/10/2020,19498.5,87500,0.789477352,NIKKEI
4/13/2020,19043.40039,65600,-2.334023689,NIKKEI
4/14/2020,19638.81055,81900,3.126595796,NIKKEI
4/15/2020,19550.08984,94100,-0.4517621,NIKKEI
4/16/2020,19290.19922,81400,-1.329357702,NIKKEI
4/17/2020,19897.25977,87800,3.146989516,NIKKEI
4/20/2020,19669.11914,65000,-1.146593188,NIKKEI
4/21/2020,19280.7793,79400,-1.974363169,NIKKEI
4/22/2020,19137.94922,76400,-0.740789964,NIKKEI
4/23/2020,19429.43945,72600,1.523100676,NIKKEI
4/24/2020,19262,84700,-0.861782211,NIKKEI
4/27/2020,19783.2207,77600,2.705953188,NIKKEI
4/28/2020,19771.18945,68600,-0.060815426,NIKKEI
4/30/2020,20193.68945,103400,2.13694781,NIKKEI
5/1/2020,19619.34961,86600,-2.844155078,NIKKEI
5/7/2020,19674.76953,82900,0.282475837,NIKKEI
5/8/2020,20179.08984,82200,2.563284476,NIKKEI
5/11/2020,20390.66016,76200,1.048463105,NIKKEI
5/12/2020,20366.48047,67700,-0.118582169,NIKKEI
5/13/2020,20267.05078,79500,-0.488202604,NIKKEI
5/14/2020,19914.7793,76900,-1.738148721,NIKKEI
5/15/2020,20037.4707,75200,0.616082178,NIKKEI
5/18/2020,20133.73047,71900,0.480398786,NIKKEI
5/19/2020,20433.44922,93000,1.488639924,NIKKEI
5/20/2020,20595.15039,71800,0.791355244,NIKKEI
5/21/2020,20552.31055,62900,-0.208009377,NIKKEI
5/22/2020,20388.16016,71100,-0.798695556,NIKKEI
5/25/2020,20741.65039,55100,1.733801541,NIKKEI
5/26/2020,21271.16992,87200,2.552928629,NIKKEI
5/27/2020,21419.23047,112000,0.696062076,NIKKEI
5/28/2020,21916.31055,134000,2.320718658,NIKKEI
5/29/2020,21877.89063,153200,-0.175302873,NIKKEI
6/1/2020,22062.39063,72200,0.843317133,NIKKEI
6/2/2020,22325.60938,77900,1.193065405,NIKKEI
6/3/2020,22613.75977,94100,1.290672009,NIKKEI
6/4/2020,22695.74023,92000,0.362524714,NIKKEI
6/5/2020,22863.73047,85600,0.740183987,NIKKEI
6/8/2020,23178.09961,108500,1.37496871,NIKKEI
6/9/2020,23091.0293,91500,-0.375657683,NIKKEI
6/10/2020,23124.94922,75600,0.146896535,NIKKEI
6/11/2020,22472.91016,105900,-2.819634572,NIKKEI
6/12/2020,22305.48047,120500,-0.745028952,NIKKEI
6/15/2020,21530.94922,78500,-3.472380929,NIKKEI
6/16/2020,22582.21094,100100,4.882560951,NIKKEI
6/17/2020,22455.75977,72500,-0.559959219,NIKKEI
6/18/2020,22355.46094,65200,-0.446650788,NIKKEI
6/19/2020,22478.78906,97000,0.551668898,NIKKEI
6/22/2020,22437.26953,54600,-0.184705377,NIKKEI
6/23/2020,22549.05078,0,0.498194532,NIKKEI
6/24/2020,22534.32031,67000,-0.065326333,NIKKEI
6/25/2020,22259.78906,80800,-1.218280588,NIKKEI
6/26/2020,22512.08008,66600,1.133393557,NIKKEI
6/29/2020,21995.03906,73700,-2.296726972,NIKKEI
6/30/2020,22288.14063,74200,1.33258032,NIKKEI
7/1/2020,22121.73047,67400,-0.74663095,NIKKEI
7/2/2020,22145.96094,73600,0.10953243,NIKKEI
7/3/2020,22306.48047,51700,0.724825314,NIKKEI
7/6/2020,22714.43945,58000,1.828881004,NIKKEI
7/7/2020,22614.68945,62700,-0.439147971,NIKKEI
7/8/2020,22438.65039,64900,-0.778427943,NIKKEI
7/9/2020,22529.28906,65200,0.403939945,NIKKEI
7/10/2020,22290.81055,78800,-1.058526593,NIKKEI
7/13/2020,22784.74023,71200,2.215844444,NIKKEI
7/14/2020,22587.00977,61000,-0.867819716,NIKKEI
7/15/2020,22945.5,72600,1.587152251,NIKKEI
7/16/2020,22770.35938,89400,-0.763289643,NIKKEI
7/17/2020,22696.41992,55900,-0.324717989,NIKKEI
7/20/2020,22717.48047,50000,0.092792375,NIKKEI
7/21/2020,22884.2207,68600,0.733973269,NIKKEI
7/22/2020,22751.60938,65400,-0.579488066,NIKKEI
7/27/2020,22715.84961,71800,-0.157174666,NIKKEI
7/28/2020,22657.38086,67800,-0.25739187,NIKKEI
7/29/2020,22397.10938,74300,-1.148727144,NIKKEI
7/30/2020,22339.23047,77800,-0.258421321,NIKKEI
7/31/2020,21710,106600,-2.816706108,NIKKEI
8/3/2020,22195.38086,84000,2.235747854,NIKKEI
8/4/2020,22573.66016,89100,1.704315413,NIKKEI
8/5/2020,22514.84961,74000,-0.260527299,NIKKEI
8/6/2020,22418.15039,62600,-0.429490846,NIKKEI
8/7/2020,22329.93945,66700,-0.393479999,NIKKEI
8/11/2020,22750.24023,99300,1.882229828,NIKKEI
8/12/2020,22843.96094,90800,0.411954788,NIKKEI
8/13/2020,23249.60938,84800,1.775735995,NIKKEI
8/14/2020,23289.35938,59800,0.170970614,NIKKEI
8/17/2020,23096.75,43600,-0.827027364,NIKKEI
8/18/2020,23051.08008,55600,-0.19773311,NIKKEI
8/19/2020,23110.60938,50100,0.258249491,NIKKEI
8/20/2020,22880.61914,50200,-0.995171656,NIKKEI
8/21/2020,22920.30078,51200,0.173429048,NIKKEI
8/24/2020,22985.50977,40600,0.284503182,NIKKEI
8/25/2020,23296.76953,75300,1.354156458,NIKKEI
8/26/2020,23290.85938,47800,-0.025368994,NIKKEI
8/27/2020,23208.85938,52700,-0.352069448,NIKKEI
8/28/2020,22882.65039,98100,-1.405536475,NIKKEI
8/31/2020,23139.75977,81000,1.123599629,NIKKEI
9/1/2020,23138.07031,59600,-0.007301083,NIKKEI
9/2/2020,23247.15039,52600,0.47143118,NIKKEI
9/3/2020,23465.5293,57500,0.939379246,NIKKEI
9/4/2020,23205.42969,59300,-1.108432739,NIKKEI
9/7/2020,23089.94922,57300,-0.497644174,NIKKEI
9/8/2020,23274.13086,62100,0.797670182,NIKKEI
9/9/2020,23032.53906,84400,-1.038027145,NIKKEI
9/10/2020,23235.4707,67600,0.881064999,NIKKEI
9/11/2020,23406.49023,76900,0.736027831,NIKKEI
9/14/2020,23559.30078,65400,0.652855449,NIKKEI
9/15/2020,23454.89063,61800,-0.443180199,NIKKEI
9/16/2020,23475.5293,63000,0.087993043,NIKKEI
9/17/2020,23319.36914,61100,-0.665203983,NIKKEI
9/18/2020,23360.30078,82600,0.175526361,NIKKEI
9/23/2020,23346.49023,77000,-0.059119731,NIKKEI
9/24/2020,23087.82031,70500,-1.107960633,NIKKEI
9/25/2020,23204.61914,72200,0.505889367,NIKKEI
9/28/2020,23511.61914,82000,1.323012449,NIKKEI
9/29/2020,23539.09961,61300,0.116880372,NIKKEI
9/30/2020,23185.11914,88200,-1.503797825,NIKKEI
10/1/2020,23184.92969,0,-0.000817132,NIKKEI
10/2/2020,23029.90039,86300,-0.668664081,NIKKEI
10/5/2020,23312.14063,59500,1.225538232,NIKKEI
10/6/2020,23433.73047,57700,0.521573055,NIKKEI
10/7/2020,23422.82031,52100,-0.046557487,NIKKEI
10/8/2020,23647.07031,56300,0.957399651,NIKKEI
10/9/2020,23619.68945,56100,-0.11578965,NIKKEI
10/12/2020,23558.68945,44900,-0.258259111,NIKKEI
10/13/2020,23601.7793,47200,0.182904249,NIKKEI
10/14/2020,23626.73047,54000,0.105717335,NIKKEI
10/15/2020,23507.23047,48300,-0.505783059,NIKKEI
10/16/2020,23410.63086,48100,-0.410935734,NIKKEI
10/19/2020,23671.13086,0,1.112742333,NIKKEI
